ID,PRE/POST,ENVIRONMENT,FILENAME,HAS_ATTACHMENTS,REQUESTER,DURATION,CM_AM,CM_IT,CM_UAT,CM_TST5,CM_ST,CM_DEVE2E,CM_COURTESY,CM_PT,CM_CATALOG,CM_ACNDEVOPS,CM_PROD
1,POST,ALIGNMENT,Smascheramento_BL154_CR84.txt,FALSE,riccardo.dangelo,5,,x,,,,,,,,,
2,POST,ALIGNMENT,Catalogo_20222910_ExportAffinium_APPLETV_44246-50.txt,FALSE,salvatore.caroprese,5,,x,,,,,,,,,
3,POST,ALIGNMENT,2022_12_14_LOV_APPLE_TV.txt,TRUE,salvatore.caroprese,10,,x,,,,,,,,,
4,POST,ALIGNMENT,03112022_AccensioneSTUB.txt,FALSE,c.ferrigno,5,,x,,,,,,,,,
5,POST,ALIGNMENT,20221104_OS_ATT-771892.txt,FALSE,giancarlo.h.canillas,5,,x,,,,,,,,,
6,POST,ALIGNMENT,ModificaAppGlass_AssignmentTeam_Upsert_LOV_20221019.txt,TRUE,sabrina.spada,5,,x,,,,,,,,,
7,POST,ALIGNMENT,ModificaAppGlass_LOV_MotiviContatto_20221026.txt,TRUE,sabrina.spada,5,,x,,,,,,,,,
8,POST,ALIGNMENT,ModificaAppGlass_LOV_MotiviContatto_VariazConsist_20221019.txt,TRUE,sabrina.spada,5,,x,,,,,,,,,
9,POST,ALIGNMENT,20221104_DataLoader_LLAMAFF2WMLOV.txt,TRUE,francesco.degaetano,5,,x,,,,,,,,,
10,POST,ALIGNMENT,DataLoader_20221104_Upsert_ChangeApptActivityLOV.txt,TRUE,niso.cassiano,5,,x,,,,,,,,,
11,POST,ALIGNMENT,DataLoader_20221104_Upsert_ChangeApptActivityLOV2.txt,TRUE,niso.cassiano,5,,x,,,,,,,,,
12,POST,ALIGNMENT,20210726_FLS_NFS_AgendaAppointmentFields.txt,FALSE,niso.cassiano,5,,x,,,,,,,,,
13,POST,ALIGNMENT,20210726_FLS_OrderFields.txt,FALSE,niso.cassiano,5,,x,,,,,,,,,
14,POST,ALIGNMENT,20221107_FF2_SkyCenterDealers_Upsert_LOV.txt,TRUE,sabrina.spada,5,,x,,,,,,,,,
15,POST,ALIGNMENT,20221108_Dataloader_CS_Update.txt,TRUE,saket.vilas.kolte,5,,x,,,,,,,,,
16,PRE,ALIGNMENT,20221108_DataLoader_Octane_97460.txt,FALSE,francesco.degaetano,5,,x,,,,,,,,,
17,POST,ALIGNMENT,Delete_LOV_SkyCenterDealers.txt,FALSE,niso.cassiano,10,,x,,,,,,,,,
18,POST,ALIGNMENT,20221111_MP_Deactive_Active_Appt_LLAMA.txt,FALSE,niso.cassiano,10,,x,,,,,,,,,
19,POST,ALIGNMENT,ModificaAppGlass_LOV_MotiviContatto_VariazConsist_20221111.txt,TRUE,niso.cassiano,10,,x,,,,,,,,,
20,POST,ALIGNMENT,20221114_ManualProcedure_Bluedrop3.txt,FALSE,pooja.pawar,5,,x,,,,,,,,,
21,POST,ALIGNMENT,Update_Lov__c_97537.txt,TRUE,riccardo.dangelo,5,,x,,,,,,,,,
22,POST,ALIGNMENT,20221116_DataLoader_Octane_97635.txt,TRUE,niso.cassiano,5,,x,,,,,,,,,
23,POST,ALIGNMENT,2021122_FLS_NFS_AgendaAppointmentFields.txt,FALSE,niso.cassiano,5,,x,,,,,,,,,
24,POST,ALIGNMENT,20221123_OmniscriptManualProcedure.txt,FALSE,niso.cassiano,5,,x,,,,,,,,,
25,POST,ALIGNMENT,Mascheramento_BL154.txt,FALSE,riccardo.dangelo,5,,x,,,,,,,,,
26,POST,ALIGNMENT,20221214_ManualPorcedure_97914.txt,TRUE,stefano.carannante,5,,x,,,,,,,,,
27,POST,ALIGNMENT,20221205_MP_DataLoader_NFS_CR_1.txt,TRUE,asmita.kulkarni,5,,,,,x,,,,,,
28,POST,ALIGNMENT,20221205_NFS_R4.1_MP.txt,TRUE,asmita.kulkarni,15,,,,,x,,,,,,
29,POST,ALIGNMENT,Data_Loader_2022_12_02_BB_15024.txt,TRUE,francesco.degaetano,5,,x,,,,,,,,,
30,POST,ALIGNMENT,20221214_Upsert_LOV_OCTANE97915.txt,TRUE,giancarlo.h.canillas,5,,x,,,,,,,,,
31,POST,ALIGNMENT,20221214_01_VARIE.txt,TRUE,ACN,30,,x,,,,,,,,,
32,POST,ALIGNMENT,20221214_02_CSV.txt,TRUE,ACN,20,,x,,,,,,,,,
33,POST,ALIGNMENT,Catalog_14_12.txt,TRUE,sarah.ricci,10,,,,,,,,,,,
34,POST,ALIGNMENT,NppPromoMapping_listofvalue.txt,TRUE,sarah.ricci,10,,,,,,,,,,,
35,POST,ALIGNMENT,ExportAffinium_44285.txt,FALSE,sarah.ricci,10,,,,,,,,,,,
36,POST,ALIGNMENT,20221212_MP_OCTANE98960_NFS_CR_1.txt,TRUE,saket.vilas.kolte,5,,,,,x,,,,,,
37,POST,ALIGNMENT,20221212_MP_NFS_R4.1.txt,TRUE,saket.vilas.kolte,5,,,,,x,,,,,,
38,POST,ALIGNMENT,Smascheramento_CR84.txt,FALSE,riccardo.dangelo,5,,,,,x,,,,,,
39,POST,ALIGNMENT,2023.02.16_Manual_Procedure_ATT-782771.txt,FALSE,giuseppe.bonura,5,,,,,x,,,,,,
40,POST,ALIGNMENT,2023.02.16_Manual_Procedure_ATT-782512.txt,FALSE,giuseppe.bonura,5,,,,,x,,,,,,
41,POST,ALIGNMENT,Catalogo_20230216_ExportAffinium_OCA_44206.txt,FALSE,salvatore.caroprese,5,,,,,x,,,,,,
42,PRE,ALIGNMENT,2022.12.19_Manual_Procedure_ATT-783864.txt,TRUE,giuseppe.bonura,10,,x,,,,,,,,,
43,PRE,ALIGNMENT,2022.12.19_Manual_Procedure_ATT-780555.txt,TRUE,giuseppe.bonura,10,,x,,,,,,,,,
44,PRE,ALIGNMENT,20221219_01_VARIE_PRE.txt,TRUE,ACN,30,,x,,,,,,,,,x
45,POST,ALIGNMENT,Data_Loader_2022_12_21_BB_15036.txt,TRUE,franesco.degaetano,5,,x,,,,,,,,,
46,POST,ALIGNMENT,LLAMA_AgendaLayout_Visibility.txt,FALSE,niso.cassiano,5,,x,,,,,,,,,
47,POST,ALIGNMENT,27_12_2022_MP_SMASCHERAMENTO_BL154.txt,FALSE,franesco.degaetano,5,,x,,,,,,,,,
48,POST,ALIGNMENT,DataLoader_20230105_Extra_Warranty_LOV.txt,TRUE,niso.cassiano,5,,x,,,,,,,,,
49,POST,ALIGNMENT,20230105_FF2CancellazioneExtraGlass_UpsertLOV_2.txt,TRUE,niso.cassiano,5,,x,,,,,,,,,
50,POST,ALIGNMENT,20230105_FF2CancellazioneExtraGlass_UpsertLOV.txt,TRUE,niso.cassiano,5,,x,,,,,,,,,
51,POST,ALIGNMENT,DataLoader_20230105_Upsert_SKY015.txt,TRUE,niso.cassiano,5,,x,,,,,,,,,
52,POST,ALIGNMENT,20230111_Escalation_MappingCategoria_ATT-781837.txt,FALSE,giancarlo.h.canillas,5,x,,,,,,,,,,
53,POST,ALIGNMENT,20230111_Escalation_ListViewLayoutButtonPGLS_ATT-781837.txt,FALSE,saket.vilas.kolte,5,x,,,,,,,,,,
54,POST,ALIGNMENT,20230111_ManualPorcedure_ATT-785825.txt,FALSE,stefano.carannante,2,x,,,,,,,,,,
55,POST,ALIGNMENT,20230111_ATT-785828.txt,FALSE,c.ferrigno,2,,,,,,,,,,,
56,POST,ALIGNMENT,20230111_ATT-784814.txt,FALSE,a.cr.sharma,5,x,,,,,,,,,,
57,POST,ALIGNMENT,27_12_2022_MP_SMASCHERAMENTO_BL154.txt,FALSE,francesco.degaetano,5,x,,,,,,,,,,
58,POST,ALIGNMENT,2023.01.11_Manual_Procedure_ATT-782771.txt,FALSE,giuseppe.bonura,5,x,,,,,,,,,,
59,POST,ALIGNMENT,2023.01.11_Manual_Procedure_ATT-782512.txt,FALSE,giuseppe.bonura,5,x,,,,,,,,,,
60,POST,ALIGNMENT,2023.01.11_MP_Octane_99209.txt,FALSE,giuseppe.bonura,5,x,,,,,,,,,,
61,POST,ALIGNMENT,2023_01_10_MPFIELDS_SYSINFORMATICA.txt,FALSE,francesco.degaetano,5,,x,,,,,,,,,
62,POST,ALIGNMENT,20230111_01_VARIE.txt,TRUE,ACN,30,x,,,,,,,,,,x
63,POST,ALIGNMENT,Catalog_12_01.txt,TRUE,matteo.sasso,10,X,,,,,,,,,,
64,POST,ALIGNMENT,Update_NFS_SelfDiagnostics_SostituzioneClienteInsiste_20230112.txt,TRUE,sabrina.spada,5,,,,,x,,,,,,
65,POST,ALIGNMENT,2023_01_13_JIRA_BB_15126.txt,TRUE,francesco.degaetano,5,,x,,,,,,,,,
66,POST,UAT,20220117_MP_NFS_R4.2.1_WS.txt,TRUE,asmita.kulkarni,5,,,x,,,,,,,,
67,POST,UAT,20230117_NFS_R4.2.2.A_ActivityLOV.txt,TRUE,simran.sunil,5,,,x,,,,,,,,
68,POST,UAT,20230117_NFS_R4.2.2.A_TestEPG.txt,TRUE,simran.sunil,5,,,x,,,,,,,,
69,POST,UAT,20230119_Dataloader_LOV_Upsert.txt,TRUE,saket.vilas.kolte,5,,,x,,,,,,,,
70,POST,ALIGNMENT,Catalog_19_01.txt,TRUE,sarah.ricci,5,,,,,,,,,,,
71,POST,UAT,20230119_Octane102167.txt,TRUE,asmita.kulkarni,2,,,X,,,,,,,,
72,POST,ALIGNMENT,DataLoader_20230116_Extra_Warranty_LOV.txt,TRUE,niso.cassiano,5,,x,,,,,,,,,
73,POST,ALIGNMENT,FLS_NFS_AppointmentAgenda__c.txt,FALSE,niso.cassiano,5,,x,,,,,,,,,
74,POST,ALIGNMENT,Catalogo_20230208_ExportAffinium_44334_price_rise2.txt,FALSE,salvatore.caroprese,5,,x,,,,,,,,,
75,PRE,ALIGNMENT,Octane_102153.txt,TRUE,damiano.palena,5,,x,,,,,,,,,
76,POST,ALIGNMENT,20230208_ATT-791108.txt,FALSE,shravani.khaparkar,10,,x,,,,,,,,,
77,POST,UAT,20230123_Permission_RetrieveCustomerInfoApexClass.txt,false,saket.vilas.kolte,2,,,x,,,,,,,,
78,POST,UAT,DataLoader_202301_UnieuroVendorCode_LOV.txt,TRUE,niso.cassiano,10,,,x,,,,,,,,
79,POST,UAT,20230202_MP_LLAMA_FAST_FOLLOW.txt,FALSE,pooja.pawar,2,,,x,,,,,,,,
80,POST,ALIGNMENT,Catalog_02_02.txt,TRUE,sarah.ricci,5,,,,,,,,,,,
81,POST,ALIGNMENT,Catalog_LOV_npp_mapping.txt,TRUE,sarah.ricci,5,,,,,,,,,,,
82,POST,UAT,DataLoader_20230131_Insert_IGFS_HMAC_KSIG.txt,TRUE,niso.cassiano,5,,,x,,,,,,,,
83,POST,UAT,DataLoader_20230131_Insert_IGFS_SettingsStub.txt,TRUE,niso.cassiano,5,,,x,,,,,,,,
84,POST,UAT,DataLoader_20230131_Upsert_ChangeMopDPtActivityLOV.txt,TRUE,niso.cassiano,5,,,x,,,,,,,,
85,POST,UAT,DataLoader_202301_ChangeMopDP_LOV.txt,TRUE,niso.cassiano,5,,,x,,,,,,,,
86,POST,UAT,DataLoader_20220922_IntegrationSettingParams_UpdatePayment.txt,TRUE,niso.cassiano,5,,,x,,,,,,,,
87,POST,ALIGNMENT,20230208_ManualPorcedure_ATT-793595.txt,FALSE,stefano.carannante,5,,x,,,,,,,,,
88,POST,ALIGNMENT,20230208_ManualPorcedure_ATT-793606.txt,FALSE,stefano.carannante,10,,x,,,,,,,,,
89,POST,ALIGNMENT,Catalog_25_01.txt,TRUE,sarah.ricci,10,,x,,,,,,,,,
90,POST,ALIGNMENT,AttributiBB.txt,TRUE,matteo.sasso,20,,x,,,,,,,,,
91,POST,ALIGNMENT,20230202_LEADFieldsVisibility.txt,FALSE,riccardo.dangelo,5,,,,,x,,,,,,
92,POST,ALIGNMENT,Octane_102444.txt,FALSE,francesco.manzillo,5,,x,,,,,,,,,
93,POST,ALIGNMENT,20230208_01_VARIE.txt,TRUE,ACN,30,,x,,,,,,,,,x
94,POST,ALIGNMENT,20230208_02_CSV.txt,TRUE,ACN,5,,x,,,,,,,,,x
95,POST,ALIGNMENT,Catalog_02_08.txt,TRUE,CANVASS,5,,x,,,,,,,,,
96,POST,ALIGNMENT,20230210_RiattivazioneOS_OCTANE_101375.txt,FALSE,giancarlo.h.canillas,5,,,,,x,,,,,,
97,POST,ALIGNMENT,20230216_01_VARIE.txt,TRUE,ACN,15,,,,,x,,,,,,x
98,POST,ALIGNMENT,20230216_02_CSV.txt,TRUE,ACN,30,,,,,x,,,,,,x
99,POST,ALIGNMENT,LOV_NppPromoMapping.txt,TRUE,CANVASS,5,x,,,,x,,,,,,x
100,POST,UAT,20230221_Asset_OrderItem_FLS_COMPL100.txt,FALSE,pooja.pawar,2,,,x,,,,,,,,
101,POST,UAT,20230221_Asset_OrderItem_FieldMapping_COMPL100.txt,FALSE,pooja.pawar,2,,,x,,,,,,,,
102,POST,UAT,TracciamentiSwapTelecomando_AssistSkyGlass_Insert_LOV_20230221.txt,TRUE,sabrina.spada,5,,,x,,,,,,,,
103,POST,UAT,TracciamentiSwapTelecomando_AssistSkyGlass_Update_LOV_20230223.txt,TRUE,sabrina.spada,5,,,x,,,,,,,,
104,POST,ALIGNMENT,DeleteLovCR84.txt,TRUE,riccardo.dangelo,5,,x,,,,,,,,,
105,POST,ALIGNMENT,InsertLovCR84.txt,TRUE,riccardo.dangelo,5,,x,,,,,,,,,
106,POST,ALIGNMENT,20230214_Permission_RetrieveCustomerInfoApexClass.txt,FALSE,vinay.b.kumar.verma,5,,x,,,,,,,,,
107,POST,ALIGNMENT,20230214_DataLaoder_NewCrm_IntegrationSettingParam__c_Upsert.txt,TRUE,saket.vilas.kolte,5,,x,,,,,,,,,
108,POST,ALIGNMENT,DataLoader_202301_UnieuroVendorCode_LOV.txt,TRUE,niso.cassiano,5,,x,,,,,,,,,
109,POST,ALIGNMENT,20230214_DataLoader_UpdateActivityLOV_Upsert.txt,TRUE,saket.vilas.kolte,5,,x,,,,,,,,,
110,POST,ALIGNMENT,20230214_DataLoader_NewActivityLOV_Upsert.txt,TRUE,saket.vilas.kolte,5,,x,,,,,,,,,
111,POST,ALIGNMENT,20230214_DataLoader_LOV_Upsert.txt,TRUE,saket.vilas.kolte,5,,x,,,,,,,,,
112,POST,ALIGNMENT,20230214_ContrattiComponentPage_Visibilty.txt,FALSE,niso.cassiano,5,,x,,,,,,,,,
113,POST,ALIGNMENT,20230214_FLS_OrderFields_PayByLinkMOTO.txt,FALSE,niso.cassiano,5,,x,,,,,,,,,
114,POST,ALIGNMENT,20230214_DataLoader_CaseManagmentUnhappy__c_Insert.txt,TRUE,saket.vilas.kolte,5,,x,,,,,,,,,
115,POST,ALIGNMENT,20230214_DataLoader_CaseManagmentUnhappy__c_Insert2.txt,TRUE,saket.vilas.kolte,5,,x,,,,,,,,,
116,POST,ALIGNMENT,20230214_DataLoader_List_of_Values__c_Insert.txt,TRUE,saket.vilas.kolte,5,,x,,,,,,,,,
117,POST,ALIGNMENT,20230214_DataLoader_scenariWizard__c_Insert.txt,TRUE,saket.vilas.kolte,5,,x,,,,,,,,,
118,POST,ALIGNMENT,20230214_Update_LOV_CRID72_ID74.txt,TRUE,saket.vilas.kolte,5,,x,,,,,,,,,
119,POST,ALIGNMENT,20230214_FLS_Pending_Request.txt,FALSE,vinay.b.kumar.verma,5,,x,,,,,,,,,
120,POST,ALIGNMENT,20221201_Contact_FLS_BL100.txt,FALSE,vinay.b.kumar.verma,5,,x,,,,,,,,,
121,POST,ALIGNMENT,20221201_DataLoad_RetrieveInfoNewSales__c.txt,TRUE,vinay.b.kumar.verma,5,,x,,,,,,,,,
122,POST,ALIGNMENT,Catalogo_20230214_ExportAffinium_BL100_44185_44186.txt,FALSE,salvatore.caroprese,5,,x,,,,,,,,,
123,POST,ALIGNMENT,2023.02.16_Manual_Procedure_ATT-795561.txt,FALSE,giuseppe.bonura,5,,,,,,,,,,,
124,POST,ALIGNMENT,20230228_ATT-799985.txt,FALSE,giancarlo.h.canillas,5,x,,,,x,,,,,,
125,POST,ALIGNMENT,20230217_MPForEscalationFLS.txt,FALSE,syeda.meraj,5,x,,,,,,,,,,
126,POST,ALIGNMENT,20230228_ATT-799901.txt,FALSE,shravani.khaparkar,10,x,,,,,,,,,,
127,POST,ALIGNMENT,20230228_DataLoader_ATT-795734.txt,TRUE,stefano.carannante,5,x,,,,,,,,,,
128,POST,ALIGNMENT,20230228_ManualProcedure_ATT-798886.txt,FALSE,giancarlo.h.canillas,5,x,,,,x,,,,,,
129,POST,ALIGNMENT,20230228_ATT-796390.txt,FALSE,saurabh.anil.padmane,5,x,,,,,,,,,,
130,POST,ALIGNMENT,attributiBB.txt,TRUE,CANVASS,5,x,,,,,,,,,,
131,POST,ALIGNMENT,Catalog_02_23.txt,TRUE,CANVASS,5,x,,,,,,,,,,
132,POST,ALIGNMENT,20230228_01_VARIE.txt,TRUE,ACN,20,x,,,,,,,,,,
133,POST,ALIGNMENT,20230228_02_CSV.txt,TRUE,ACN,10,x,,,,,,,,,,
134,POST,ALIGNMENT,Catalog_02_28.txt,TRUE,CANVASS,5,X,,,,,,,,,,
135,POST,UAT,2023_03_29_INSERT_Expert_NFS_TechnicalCatalog_L_AGGIUNTIVI.txt,TRUE,salvatore.caroprese,10,,,x,,,,,,,,
136,POST,UAT,Catalogo_Run_Hierarchy_Maintenance_Expert.txt,FALSE,salvatore.caroprese,2,,,x,,,,,,,,
137,POST,UAT,2023_03_29_INSERT_Expert_NFS_CGESTIONE_RuleAssignment.txt,TRUE,salvatore.caroprese,10,,,x,,,,,,,,
138,POST,UAT,20230306_DataLoader_LOV_Insert.txt,TRUE,saket.vilas.kolte,5,,,x,,,,,,,,
139,POST,UAT,20230306_DataLoader_LOV_Insert1.txt,TRUE,saket.vilas.kolte,5,,,x,,,,,,,,
140,POST,UAT,20230306_User_FLS_NFSExpert.txt,FALSE,saket.vilas.kolte,5,,,x,,,,,,,,
141,POST,UAT,20220308_ActivateOmniscript_AssistenzaSkyGlass.txt,FALSE,sabrina.spada,5,,,x,,,,,,,,
142,POST,UAT,20230309_NFS_MP_ProfileVisibility.txt,FALSE,asmita.kulkarni,5,,,x,,,,,,,,
143,POST,ALIGNMENT,20230214_DataLoader_UpdateActivityLOV.txt,TRUE,saket.vilas.kolte,5,,x,,,x,,,,,,
144,POST,ALIGNMENT,20230303_User_FLS_NFSEXpert.txt,FALSE,saket.vilas.kolte,5,,,,,x,,,,,,
145,POST,ALIGNMENT,20230303_DataLoader_LOV_Insert1.txt,TRUE,saket.vilas.kolte,5,,,,,x,,,,,,
146,POST,ALIGNMENT,20230303_DataLoader_LOV_Insert.txt,TRUE,saket.vilas.kolte,5,,,,,x,,,,,,
147,POST,ALIGNMENT,2023.03.14_Manual_Procedure_102658.txt,FALSE,giuseppe.bonura,5,,x,,,,,,,,,
148,POST,ALIGNMENT,LLAMA_Viste_Visibility_IT.txt,FALSE,niso.cassiano,5,,x,,,,,,,,,
149,POST,ALIGNMENT,NFS_R4.1_ActivityLOV.txt,TRUE,damiano.palena,5,,x,,,,,,,,,
150,POST,ALIGNMENT,2023023_DataLoad_RetrieveInfoNewSales__c.txt,TRUE,riccardo.dangelo,5,,x,,,,,,,,,
151,POST,ALIGNMENT,TracciamentiSwapTelecomando_AssistSkyGlass_Insert_LOV_20230224.txt,TRUE,sabrina.spada,5,,x,,,,,,,,,
152,POST,ALIGNMENT,20230329_ATT-796390.txt,FALSE,saurabh.anil.padmane,5,,x,,,,,,,,,
153,POST,ALIGNMENT,20230329_DataLoader_BB-15299_Update.txt,TRUE,giancarlo.h.canillas,5,,x,,,,,,,,,
154,POST,ALIGNMENT,20220228_ActivateOmniscript_AssistenzaSkyGlass.txt,FALSE,sabrina.spada,5,,x,,,,,,,,,
155,POST,ALIGNMENT,20230301_Update_BB-15299_CaseManagmentUnhappy__c.txt,TRUE,giancarlo.h.canillas,5,,x,,,,,,,,,
156,POST,ALIGNMENT,20220302_ActivateOmniscript_ChangeMopDP.txt,FALSE,niso.cassiano,5,,x,,,,,,,,,
157,POST,ALIGNMENT,20230308_DataLoader_LOV_Insert_NFSExpert.txt,TRUE,saket.vilas.kolte,5,,,,,x,,,,,,
158,POST,UAT,20230316_Octane103078_NFS_R4.2.Expert_WS.txt,TRUE,saket.vilas.kolte,5,,,x,,,,,,,,
159,POST,UAT,20230317_NFS_Expert_Octane_103079.txt,TRUE,asmita.kulkarni,5,,,x,,,,,,,,
160,POST,UAT,20230317_NFS_Expert_DevBug.txt,TRUE,asmita.kulkarni,3,,,x,,,,,,,,
161,POST,ALIGNMENT,2023.03.14_Manual_Procedure_101713.txt,FALSE,giuseppe.bonura,5,x,,,,,,,,,,
162,POST,ALIGNMENT,20230314_DataLoader_ATT-801541.txt,TRUE,stefano.carannante,5,x,,,,,,,,,,
163,POST,ALIGNMENT,20230314_Manual_Procedure_102804.txt,FALSE,saurabh.anil.padmane,5,x,,,,,,,,,,
164,POST,ALIGNMENT,EntityFilterCondition_08_03.txt,TRUE,CANVASS,5,,,,,,,,,,,
165,POST,ALIGNMENT,CalculatedAmountFlag.txt,TRUE,CANVASS,5,,,,,,,,,,,x
166,POST,ALIGNMENT,attributi.txt,TRUE,matteo.sasso,10,,X,,,,,,,,,
167,POST,ALIGNMENT,Attributi_bb.txt,TRUE,CANVASS,10,,X,,,,,,,,,
168,POST,ALIGNMENT,Mapping_npp.txt,TRUE,CANVASS,5,,,,,,,,,,,
169,POST,ALIGNMENT,Catalog_09_03.txt,TRUE,CANVASS,5,,X,,,,,,,,,
170,POST,ALIGNMENT,20230314_01_VARIE.txt,TRUE,ACN,5,x,,,,,,,,,,
171,POST,ALIGNMENT,20230314_02_CSV.txt,TRUE,ACN,5,x,,,,,,,,,,
172,POST,ALIGNMENT,attributi.txt,TRUE,CANVASS,10,X,X,,,,,,,,,
173,POST,ALIGNMENT,Attributi_bb_16_03.txt,TRUE,CANVASS,10,,X,,,,,,,,,
174,POST,ALIGNMENT,Catalog_16_03.txt,TRUE,CANVASS,10,,X,,,,,,,,,
175,POST,ALIGNMENT,Mapping_npp_16_03.txt,TRUE,CANVASS,5,,,,,,,,,,,
176,POST,UAT,20230320_List_Of_Values__c.txt,TRUE,vinay.b.kumar.verma,5,,,x,,,,,,,,
177,POST,UAT,20230320_Permission_CaseConditionO038.txt,FALSE,vinay.b.kumar.verma,5,,,x,,,,,,,,
178,POST,ALIGNMENT,DataLoader_LOV_Activities_NFS.txt,TRUE,damiano.palena,5,,,,,x,,,,,,
179,POST,ALIGNMENT,Catalogo_Run_Hierarchy_Maintenance_Expert_2.txt,FALSE,salvatore.caroprese,3,,,,,x,,,,,,
180,POST,ALIGNMENT,20230223_DataLoad_RetrieveInfoNewSales__c.txt,TRUE,riccardo.dangelo,5,,x,,,,,,,,,
181,POST,ALIGNMENT,20230306_SYSINFOFieldsVisibility.txt,FALSE,riccardo.dangelo,5,,x,,,,,,,,,
182,POST,ALIGNMENT,20220302_ActivateOmniscript_SAPORDDERSTATUS.txt,FALSE,niso.cassiano,5,,x,,,,,,,,,
183,POST,ALIGNMENT,20230308_Update_BB-15299_BB-15271_scenariWizard__c.txt,TRUE,giancarlo.h.canillas,5,,x,,,,,,,,,
184,POST,ALIGNMENT,20230310_Update_BB-15341_scenariWizard__c.txt,TRUE,giancarlo.h.canillas,5,,x,,,,,,,,,
185,PRE,ALIGNMENT,2023.03.29_MP_PRE_101874.txt,FALSE,giuseppe.bonura,5,,x,,,,,,,,,
186,POST,ALIGNMENT,2023.03.29_MP_POST_101874.txt,FALSE,giuseppe.bonura,5,,x,,,,,,,,,
187,POST,ALIGNMENT,2023_03_16_OCTANE_103084.txt,TRUE,francesco.degaetano,5,,x,,,,,,,,,
188,POST,UAT,20230322_LLAMAFF4_ActivatingTemplate_sky-new-asset-view-card.txt,FALSE,sabrina.spada,5,,,x,,,,,,,,
189,POST,ALIGNMENT,Catalog_LOV_npp_mapping.txt,TRUE,CANVASS,10,x,,,,,,,,,,
190,POST,ALIGNMENT,Catalog_23_03.txt,TRUE,CANVASS,10,x,X,,,,,,,,,
191,POST,UAT,DataLoader_27032024_ChurnReason_LOV.txt,TRUE,niso.cassiano,10,,,x,,,,,,,,
192,POST,UAT,20230328_List_Of_Values__c.txt,TRUE,vinay.b.kumar.verma,5,,,x,,,,,,,,
193,POST,UAT,20230404_Asset_OrderItem_FieldMapping_NFS_R4.txt,FALSE,saket.vilas.kolte,5,,,x,,,,,,,,
194,PRE,ALIGNMENT,20230329_01_VARIE_PRE.txt,TRUE,ACN,10,,x,,,,,,,,,x
195,POST,ALIGNMENT,20230329_02_VARIE_POST.txt,TRUE,ACN,15,,x,,,,,,,,,x
196,POST,ALIGNMENT,20230329_03_CSV.txt,TRUE,ACN,30,,x,,,,,,,,,x
197,POST,ALIGNMENT,Catalog_03_29.txt,TRUE,CANVASS,10,x,,,,,,,,,,x
198,POST,UAT,DataLoader_27032024_ChurnReason_LOV.txt,TRUE,niso.cassiano,5,,,x,,,,,,,,
199,POST,ALIGNMENT,20230413_Octane104189.txt,FALSE,c.ferrigno,2,x,,,,,,,,,,
200,POST,ALIGNMENT,20230413_DataLoader_INC2921104.txt,TRUE,stefano.carannante,2,x,,,,,,,,,,
201,POST,ALIGNMENT,20230413_DataLoader_INC2869818.txt,TRUE,stefano.carannante,2,x,,,,,,,,,,
202,POST,ALIGNMENT,2023.04.13_Octane103260.txt,FALSE,saurabh.anil.padmane,5,x,,,,,,,,,,
203,POST,ALIGNMENT,2023.04.13_MP_104194.txt,FALSE,giuseppe.bonura,5,x,,,,,,,,,,
204,POST,ALIGNMENT,Catalog_04_04.txt,TRUE,CANVASS,5,x,X,,,,,,,,,
205,POST,ALIGNMENT,Mapping_npp_04_04.txt,TRUE,CANVASS,5,x,,,,,,,,,,
206,POST,ALIGNMENT,20221201_Contact_FLS_BL100.txt,TRUE,riccardo.dangelo,5,x,,,,,,,,,,
207,POST,ALIGNMENT,20230413_01_VARIE.txt,TRUE,ACN,15,x,,,,,,,,,,
208,POST,ALIGNMENT,20230413_02_CSV.txt,TRUE,ACN,15,x,,,,,,,,,,
209,POST,ALIGNMENT,Catalog_13_04.txt,TRUE,CANVASS,10,,X,,,,,,,,,
210,POST,ALIGNMENT,Attributi_bb_13_04.txt,TRUE,CANVASS,10,,X,,,,,,,,,
211,POST,ALIGNMENT,Mapping_npp_13_04.txt,TRUE,CANVASS,10,,,,,,,,,,,
212,POST,UAT,20230414_FLS_OrderItem_Freeze__c.txt,FALSE,niso.cassiano,10,,,X,,,,,,,,
213,POST,UAT,20230418_FLS_Subscription_Freeze_Flag__c.txt,FALSE,niso.cassiano,10,,,X,,,,,,,,
214,POST,UAT,DataLoader_20230418_Unfreeze_KO_Faud_ActivityLOV.txt,TRUE,niso.cassiano,10,,,X,,,,,,,,
215,POST,UAT,DataLoader_202304_Unfreeze_KO_Faud_TrackLOV.txt,TRUE,niso.cassiano,10,,,X,,,,,,,,
216,POST,ALIGNMENT,2023_05_10_Manual_Procedure_INC2901505.txt,FALSE,saurabh.anil.padmane,5,,,,,x,,,,,,
217,POST,ALIGNMENT,20230330_MP_Deactive_Active.txt,FALSE,g.longo.costantino,5,,,,,x,,,,,,
218,POST,ALIGNMENT,2023_03_31_OCTANE_103187.txt,TRUE,francesco.degaetano,5,,,,,x,,,,,,
219,POST,ALIGNMENT,2023_04_03_OCTANE_103187.txt,TRUE,francesco.degaetano,5,,,,,x,,,,,,
220,POST,ALIGNMENT,2023_04_04_OCTANE_103299.txt,TRUE,francesco.degaetano,5,,,,,x,,,,,,
221,POST,ALIGNMENT,2023.04.04_MP_103259.txt,FALSE,giuseppe.bonura,5,,x,,,,,,,,,
222,POST,ALIGNMENT,20230413_DataLoader_INC2869818.txt,TRUE,stefano.carannante,5,,x,,,,,,,,,
223,POST,ALIGNMENT,2023_04_12_SOLO_FULLBB_Correzione_Vlocity_OfferId.txt,TRUE,salvatore.caroprese,5,,,,,x,,,,,,
224,POST,ALIGNMENT,2023_04_15_FIXSOASMINICASEMGMT.txt,TRUE,francesco.degaetano,5,,,,,x,,,,,,
225,POST,ALIGNMENT,20230411_MP_DeleteMDT_Shipment.txt,FALSE,niso.cassiano,5,,x,,,,,,,,,
226,POST,ALIGNMENT,DataLoader_202304_AssistenzaPostGlass_LOV.txt,TRUE,niso.cassiano,5,,x,,,,,,,,,
227,POST,ALIGNMENT,20230412_MP_ClearCache.txt,FALSE,niso.cassiano,5,,x,,,,,,,,,
228,POST,ALIGNMENT,20230412_MP_Visibility_Class.txt,FALSE,niso.cassiano,5,,x,,,,,,,,,
229,POST,ALIGNMENT,20230414_Update_INC2940454_CaseManagmentUnhappy__c.txt,TRUE,giancarlo.h.canillas,5,,x,,,,,,,,,
230,POST,ALIGNMENT,20230420_Update_INC2940454_CaseManagmentUnhappy__c.txt,TRUE,giancarlo.h.canillas,5,,x,,,,,,,,,
231,POST,ALIGNMENT,20230420_01_VARIE.txt,TRUE,ACN,15,,x,,,,,,,,,
232,POST,ALIGNMENT,20230420_02_CSV.txt,TRUE,ACN,5,,x,,,,,,,,,
233,POST,UAT,20230503_ActivateOmniscript_Portale_SKY012_Italian.txt,FALSE,sabrina.spada,5,,,x,,,,,,,,
234,PRE,ALIGNMENT,Delete_PLE_no_externalkey.txt,TRUE,CANVASS,5,x,x,x,x,x,x,,x,,,
235,POST,ALIGNMENT,Catalog_20_04.txt,TRUE,CANVASS,5,x,X,,,,,,,,,
236,POST,ALIGNMENT,Mapping_npp_20_04.txt,TRUE,CANVASS,5,,,,,,,,,,,
237,POST,ALIGNMENT,Attributi_bb_20_04.txt,TRUE,CANVASS,10,,X,,,,,,,,,
238,POST,ALIGNMENT,20230425_FLS_BL164.txt,FALSE,vinay.b.kumar.verma,5,,,x,,,,,,,,
239,POST,ALIGNMENT,20230510_Dataloader_NewCrm_IntegrationSettingParam__c.txt,TRUE,vinay.b.kumar.verma,5,,,x,,,,,,,,
240,POST,UAT,DataLoader_20230517_ChurnReason_LOV.txt,TRUE,niso.cassiano,5,,,x,,,,,,,,
241,POST,ALIGNMENT,20230317_NFS_Expert_Octane_103079.txt,FALSE,asmita.kulkarni,5,,,,,x,,,,,,
242,POST,ALIGNMENT,2023_04_18_NFS_BlockAssetToOrder_Logistica.txt,TRUE,salvatore.caroprese,5,,,,,x,,,,,,
243,POST,ALIGNMENT,2023_04_19_FIXCTLSOASCLOSUREPLATINUM.txt,TRUE,francesco.degaetano,5,,,,,x,,,,,,
244,POST,ALIGNMENT,20230427_ManualPorcedure_INC2864615.txt,TRUE,stefano.carannante,10,,,,,x,,,,,,
245,POST,ALIGNMENT,20232604_Escalation_ListViewButtonLayout.txt,FALSE,simran.sunil,5,,,,,x,,,,,,
246,POST,ALIGNMENT,20230427_Update_INC2940454_CaseManagmentUnhappy__c.txt,TRUE,giancarlo.h.canillas,5,x,,,,,,,,,,
247,POST,ALIGNMENT,20230427_DataLoader_INC2921104.txt,TRUE,stefano.carannante,5,x,,,,,,,,,,
248,POST,ALIGNMENT,20230427_01_CSV.txt,TRUE,ACN,10,x,,,,,,,,,,x
249,POST,ALIGNMENT,Catalog_01_05.txt,TRUE,CANVASS,5,x,x,,,,,,,,,
250,POST,ALIGNMENT,Delete_Catalogproductrelationship.txt,TRUE,CANVASS,5,,,,,,,,,,,
251,PRE,ALIGNMENT,Delete_PromoItem_no_uniqueCode.txt,FALSE,CANVASS,5,x,,,,,,,,,,
252,POST,ALIGNMENT,Catalog_04_05.txt,TRUE,CANVASS,5,x,x,,,,,,,,,
253,POST,ALIGNMENT,Attributi_04_05.txt,TRUE,CANVASS,5,x,,,,,,,,,,
254,POST,ALIGNMENT,20230510_OCTANE_103791.txt,FALSE,giancarlo.h.canillas,5,,,,,x,,,,,,
255,POST,ALIGNMENT,20230510_01_VARIE.txt,TRUE,ACN,45,,,,,x,,,,,,x
256,POST,ALIGNMENT,20230510_02_CSV.txt,TRUE,ACN,30,,,,,x,,,,,,x
257,POST,ALIGNMENT,Catalog_10_05.txt,TRUE,CANVASS,5,,X,,,,,,,,,x
258,POST,ALIGNMENT,Mapping_npp_10_05.txt,TRUE,CANVASS,5,,,,,,,,,,,x
259,POST,UAT,20230523_DataLoader_LOV_Insert_NFSActivity304ChangeOperation.txt,TRUE,saket.vilas.kolte,5,,,x,,,,,,,,
260,POST,UAT,20230523_DataLoader_LOV_Update_NFSActivity304.txt,TRUE,saket.vilas.kolte,5,,,x,,,,,,,,
261,POST,UAT,20230523_DataLoader_NewCrm_IntegrationSettingParam_Insert_NFS.txt,TRUE,saket.vilas.kolte,5,,,x,,,,,,,,
262,POST,UAT,20230523_DataLoader_WorkOrderType_Insert_NFSWOType.txt,TRUE,saket.vilas.kolte,5,,,x,,,,,,,,
263,POST,ALIGNMENT,20230522_DataLoader_INC2940446.txt,TRUE,stefano.carannante,5,x,,,,,,,,,,
264,POST,ALIGNMENT,20230522_DataLoader_INC2982972_update.txt,TRUE,giancarlo.h.canillas,5,x,,,,,,,,,,
265,POST,ALIGNMENT,20230522_DataLoader_INC2982947_INSERT.txt,TRUE,giancarlo.h.canillas,5,x,,,,,,,,,,
266,POST,ALIGNMENT,Update_Layout_Pegasus_Bit2Publish.txt,FALSE,riccardo.dangelo,5,x,,,,,,,,,,
267,POST,ALIGNMENT,2023.05.22_MP_103871.txt,FALSE,giuseppe.bonura,5,x,,,,,,,,,,
268,POST,ALIGNMENT,2023_05_12_OCTANE_103979.txt,TRUE,francesco.degaetano,5,,,,,x,,,,,,
269,POST,ALIGNMENT,2023_05_12_OCTANE_105017.txt,TRUE,francesco.degaetano,5,,,,,x,,,,,,
270,POST,ALIGNMENT,20230516_01_CSV.txt,TRUE,ACN,15,,,,,x,,,,,,x
271,POST,ALIGNMENT,20230522_01_VARIE.txt,TRUE,ACN,20,x,,,,,,,,,,x
272,POST,ALIGNMENT,20230522_02_CSV.txt,TRUE,ACN,15,x,,,,,,,,,,x
273,POST,ALIGNMENT,Catalog_18_05.txt,TRUE,CANVASS,5,,x,,,,,,,,,
274,POST,ALIGNMENT,Mapping_npp_18_05.txt,TRUE,CANVASS,5,,,,,,,,,,,
275,POST,ALIGNMENT,Attributi_bb_18_05.txt,TRUE,CANVASS,5,,x,,,,,,,,,
276,POST,ALIGNMENT,CatalogLlama_18_05.txt,TRUE,CANVASS,5,x,x,,,,,,,,,
277,POST,UAT,20230529_attDisOmniscript.txt,FALSE,stefano.carannante,5,,,x,,,,,,,,
278,POST,UAT,20230531_DataLoader_EsitiEPG_Update.txt,TRUE,saket.vilas.kolte,5,,,x,,,,,,,,
279,POST,UAT,20230605_DataLoader_LOV_Insert_NFSActivity304ChangeOperation.txt,TRUE,saket.vilas.kolte,5,,,x,,,,,,,,
280,POST,UAT,20230605_DataLoader_NewCrm_IntegrationSettingParam_Insert.txt,TRUE,saket.vilas.kolte,5,,,x,,,,,,,,
281,POST,UAT,20230606_MP_OS-Activate.txt,FALSE,asmita.kulkarni,5,,,x,,,,,,,,
282,POST,UAT,20230606_profileAccess_NFS_R4.3.txt,FALSE,asmita.kulkarni,5,,,x,,,,,,,,
283,POST,UAT,20230607_MP_OCTANE_OS_NFS_Activate.txt,FALSE,saket.vilas.kolte,5,,,x,,,,,,,,
284,POST,UAT,20230608_Asset_OrderItem_FieldMapping_NFS_R4.3.txt,FALSE,saket.vilas.kolte,5,,,x,,,,,,,,
285,POST,UAT,20230608_DataLoader_INSERT_BL299.txt,TRUE,vinay.b.kumar.verma,5,,,x,,,,,,,,
286,POST,UAT,20230524_DataLoader_Update_BL299_LOV.txt,TRUE,vinay.b.kumar.verma,5,,,x,,,,,,,,
287,POST,UAT,20230524_DataLoader_Update_BL299_ErrLOV.txt,TRUE,vinay.b.kumar.verma,5,,,x,,,,,,,,
288,POST,UAT,20230609_DataLoader_Update_BL299_LOV.txt,TRUE,vinay.b.kumar.verma,5,,,x,,,,,,,,
289,POST,ALIGNMENT,20230605_INC2799715_RiattivazioneOS.txt,FALSE,giancarlo.h.canillas,5,x,,,,,,,,,,
290,POST,ALIGNMENT,20230605_INC2965029_RiattivazioneOS.txt,FALSE,giancarlo.h.canillas,5,x,,,,,,,,,,
291,POST,ALIGNMENT,20230605_Octane105114.txt,FALSE,c.ferrigno,5,x,,,,,,,,,,
292,POST,ALIGNMENT,20230605_01_VARIE.txt,TRUE,ACN,20,x,,,,,,,,,,x
293,POST,UAT,20230616_MP_Template_Stampa_Update.txt,TRUE,saket.vilas.kolte,2,,,x,,,,,,,,
294,POST,UAT,2023_06_16_OCTANE_106763.txt,TRUE,francesco.degaetano,2,,,x,,,,,,,,
295,POST,UAT,20230620_FLS_PianoRatealeInterrotto__c.txt,FALSE,niso.cassiano,2,,,x,,,,,,,,
296,POST,UAT,20230621_Octane105844_Update.txt,TRUE,saket.vilas.kolte,5,,,x,,,,,,,,
297,POST,UAT,20230623_Asset_OrderItem_FieldMapping_COMPL100Drop3B.txt,FALSE,vinay.b.kumar.verma,5,,,x,,,,,,,,
298,POST,UAT,20230623_Asset_OrderItem_FLS_COMPL1003B.txt,FALSE,vinay.b.kumar.verma,5,,,x,,,,,,,,
299,POST,UAT,DataLoader_NewCrm_IntegrationSettingParam_BL299.txt,TRUE,vinay.b.kumar.verma,5,,,x,,,,,,,,
300,POST,ALIGNMENT,Catalog_08_06.txt,TRUE,CANVASS,5,,x,,,,,,,,,
301,POST,ALIGNMENT,Attributi_bb_08_06.txt,TRUE,CANVASS,10,,x,,,,,,,,,
302,POST,ALIGNMENT,Mapping_npp_08_06.txt,TRUE,CANVASS,5,,x,,,,,,,,,
303,POST,ALIGNMENT,Catalog_16_06_Sostituzione.txt,TRUE,CANVASS,5,,,,,,,,,,,
304,POST,ALIGNMENT,Catalog_16_06.txt,TRUE,CANVASS,5,,,,,,,,,,,
305,POST,ALIGNMENT,Catalog_LOV_npp_mapping.txt,TRUE,CANVASS,5,,,,,,,,,,,
306,POST,UAT,20230703_MP_NFS_SelfDiagnosticsMapper__c_Insert.txt,TRUE,saket.vilas.kolte,5,,,x,,,,,,,,
307,POST,UAT,20230705_MP_NFS_SelfDiagnosticsMapper__c_Insert.txt,TRUE,saket.vilas.kolte,5,,,x,,,,,,,,
308,POST,UAT,DataLoader_NewCrm_IntegrationSettingParam_CXID2.txt,TRUE,syeda.meraj,5,,,x,,,,,,,,
309,POST,UAT,Catalogo_Run_Hierarchy_Maintenance_Expert_BB.txt,FALSE,salvatore.caroprese,5,,,x,,,,,,,,
310,POST,UAT,Dataloader_LOV_Insert_CXID2.txt,TRUE,syeda.meraj,5,,,x,,,,,,,,
311,POST,UAT,DataLoader_CustomSetting_TA_TriggerSupport.txt,TRUE,niso.cassiano,5,,,x,,,,,,,,
312,POST,ALIGNMENT,Catalog_28_06.txt,TRUE,CANVASS,5,,x,,,,,,,,,x
313,POST,ALIGNMENT,Attributi_bb_28_06.txt,TRUE,CANVASS,5,,x,,,,,,,,,x
314,POST,ALIGNMENT,Mapping_npp_28_06.txt,TRUE,CANVASS,5,,,,,,,,,,,x
315,POST,UAT,20230706_MP_OSReactivation.txt,FALSE,syeda.meraj,5,,,x,,,,,,,,
316,POST,UAT,20230707_MP_OSReactivation.txt,FALSE,syeda.meraj,5,,,x,,,,,,,,
317,POST,UAT,20230707_MP_OS_Reactivation.txt,FALSE,syeda.meraj,5,,,x,,,,,,,,
318,POST,UAT,20230710_profileAccess_NFS_R4.3P2.txt,FALSE,saket.vilas.kolte,5,,,x,,,,,,,,
319,POST,UAT,20230710_MP_NFS_WorkOrder__c_FieldLength.txt,FALSE,saket.vilas.kolte,5,,,x,,,,,,,,
320,POST,ALIGNMENT,20230706_MP_111020.txt,FALSE,bonurag,5,x,,,,,,,,,,
321,POST,ALIGNMENT,MP_DevOpsMinAccess.txt,TRUE,maurizio.rosa,30,x,,,,,,,,,,
322,POST,ALIGNMENT,20230703_MP_Template_Stampa_Update.txt,TRUE,saket.vilas.kolte,5,x,,,,,,,,,,
323,POST,ALIGNMENT,20230706_01_VARIE.txt,TRUE,ACN,40,x,,,,,,,,,,x
324,POST,ALIGNMENT,20230706_02_CSV.txt,TRUE,ACN,5,x,,,,,,,,,,x
325,POST,ALIGNMENT,Attributi_bb.txt,TRUE,CANVASS,5,,,,,,,,,,,
326,POST,ALIGNMENT,Catalog_LOV_npp_mapping_05.txt,TRUE,CANVASS,5,,,,,,,,,,,
327,POST,ALIGNMENT,Catalog_05_07.txt,TRUE,CANVASS,5,,,,,,,,,,,
328,POST,UAT,09072023_FLS_ContractField.txt,FALSE,niso.cassiano,5,,,x,,,,,,,,
329,POST,UAT,09072023_FLS_SubscriptionFields.txt,FALSE,niso.cassiano,5,,,x,,,,,,,,
330,POST,ALIGNMENT,20230518_FLS_BL164.txt,FALSE,vinay.b.kumar.verma,5,,,,,x,,,,,,
331,POST,ALIGNMENT,2023_05_26_OCTANE_106325.txt,TRUE,francesco.degaetano,5,,,,,x,,,,,,
332,POST,ALIGNMENT,2023_04_21_OCA_DatePromo_SOLO_FULLAM.txt,TRUE,salvatore.caroprese,5,,x,,,,,,,,,
333,POST,ALIGNMENT,20230424_DataLoader_Insert_BL248_LOV_Data.txt,TRUE,vinay.b.kumar.verma,5,,x,,,,,,,,,
334,POST,ALIGNMENT,20230426_DataLoad_NewCrm_IntegrationSettingParam__c.txt,TRUE,vinay.b.kumar.verma,5,,x,,,,,,,,,
335,POST,ALIGNMENT,20230414_FLS_OrderItem_Freeze__c.txt,FALSE,niso.cassiano,5,,x,,,,,,,,,
336,POST,ALIGNMENT,20230418_FLS_Subscription_Freeze_Flag__c.txt,FALSE,niso.cassiano,5,,x,,,,,,,,,
337,POST,ALIGNMENT,DataLoader_20230418_Unfreeze_KO_Faud_ActivityLOV.txt,TRUE,niso.cassiano,5,,x,,,,,,,,,
338,POST,ALIGNMENT,DataLoader_202304_Unfreeze_KO_Faud_TrackLOV.txt,TRUE,niso.cassiano,5,,x,,,,,,,,,
339,POST,ALIGNMENT,20230503_Asset_OrderItem_FLS_COMPL100.txt,FALSE,vinay.b.kumar.verma,5,,x,,,,,,,,,
340,POST,ALIGNMENT,20230503_Asset_OrderItem_FieldMapping_COMPL100.txt,FALSE,vinay.b.kumar.verma,5,,x,,,,,,,,,
341,POST,ALIGNMENT,20230505_ActivateOmniscript_Portale_SKY012_Italian_Ritiro_LLAMA_ODS_English.txt,FALSE,sabrina.spada,5,,x,,,,,,,,,
342,POST,ALIGNMENT,20230511_ActivateOmniscript_Ritiro_LLAMA_ODS_English.txt,FALSE,sabrina.spada,5,,x,,,,,,,,,
343,POST,ALIGNMENT,DataLoader_15052023_ChurnReason_LOV.txt,TRUE,niso.cassiano,5,,x,,,,,,,,,
344,POST,ALIGNMENT,20230516_DataLoader_105029.txt,TRUE,stefano.carannante,5,,x,,,,,,,,,
345,POST,ALIGNMENT,DataLoader_202305_Unfreeze_KO_Faud_TrackLOV.txt,TRUE,niso.cassiano,5,,x,,,,,,,,,
346,POST,ALIGNMENT,20232405_Escalation_MyEscalationConnectorButtonPGLS.txt,TRUE,simran.sunil,5,,x,,,,,,,,,
347,POST,ALIGNMENT,20230531_Dataloader_NewCrm_IntegrationSettingParam__c.txt,TRUE,vinay.b.kumar.verma,5,,,,,x,,,,,,
348,POST,ALIGNMENT,20230531_FLS_BL164.txt,FALSE,vinay.b.kumar.verma,5,,,,,x,,,,,,
349,POST,ALIGNMENT,2023_05_31_BL164_OverrideDefinition_44471.txt,FALSE,salvatore.caroprese,10,,,,,x,,,,,,
350,POST,ALIGNMENT,2023_05_31_BL164_Cataloghi_44470_44471.txt,TRUE,salvatore.caroprese,5,,,,,x,,,,,,
351,POST,ALIGNMENT,20230602_DataLoader_LOV_Update_NFSActivity304.txt,TRUE,saket.vilas.kolte,5,,,,,x,,,,,,
352,POST,ALIGNMENT,20230602_DataLoader_LOV_Insert_NFSActivity304ChangeOperation.txt,TRUE,saket.vilas.kolte,5,,,,,x,,,,,,
353,POST,ALIGNMENT,20230602_DataLoader_WorkOrderType_Insert_NFSWOType.txt,TRUE,saket.vilas.kolte,5,,,,,x,,,,,,
354,POST,ALIGNMENT,20230602_DataLoader_NewCrm_IntegrationSettingParam_Insert.txt,TRUE,saket.vilas.kolte,5,,,,,x,,,,,,
355,POST,ALIGNMENT,20230605_DataLoader_EsitiEPG_Update.txt,TRUE,saket.vilas.kolte,5,,,,,x,,,,,,
356,POST,ALIGNMENT,20230605_Dataloader_NewCrm_IntegrationSettingParam__c.txt,TRUE,riccardo.dangelo,5,,,,,x,,,,,,
357,POST,ALIGNMENT,2023_06_06_INSERT_Expert_NFS_TechnicalCatalog_L_AGGIUNTIVI.txt,TRUE,salvatore.caroprese,10,,,,,x,,,,,,
358,POST,ALIGNMENT,Catalogo_Run_Hierarchy_Maintenance_Expert_5.txt,FALSE,salvatore.caroprese,5,,,,,x,,,,,,
359,POST,ALIGNMENT,20230607_NFS_TechnicalCatalog_Update_IntID.txt,TRUE,salvatore.caroprese,15,,,,,x,,,,,,
360,POST,ALIGNMENT,20230607_MP_OCTANE_OS-Activate.txt,FALSE,asmita.kulkarni,5,,,,,x,,,,,,
361,POST,ALIGNMENT,20232405_Escalation_MyEscalationConnectorButtonPGLS.txt,FALSE,simran.sunil,5,,x,,,,,,,,,
362,POST,ALIGNMENT,20230522_DataLoader_INC3073256.txt,TRUE,stefano.carannante,5,,x,,,,,,,,,
363,POST,ALIGNMENT,20230622_attDisOmniscript_INC3013962.txt,FALSE,stefano.carannante,2,,x,,,,,,,,,
364,POST,ALIGNMENT,20230622_attDisCard_INC2822521.txt,FALSE,stefano.carannante,2,,x,,,,,,,,,
365,POST,ALIGNMENT,20230607_ConfigurazioneProvaSkyTryAndBuy_KOMOP.txt,TRUE,c.ferrigno,5,,x,,,,,,,,,
366,POST,ALIGNMENT,Fix_JIRA_BB-15483.txt,FALSE,riccardo.dangelo,5,,x,,,,,,,,,
367,POST,ALIGNMENT,12062023_LOV_Update_BL_248.txt,TRUE,vinay.b.kumar.verma,10,,x,,,,,,,,,
368,POST,ALIGNMENT,2023_06_16_OCTANE_106763.txt,TRUE,francesco.degaetano,5,,,,,x,,,,,,
369,POST,ALIGNMENT,2023_06_20_OCTANE_106833.txt,TRUE,francesco.degaetano,5,,,,,x,,,,,,
370,POST,ALIGNMENT,20230622_01_VARIE.txt,TRUE,ACN,25,,x,,,,,,,,,x
371,POST,ALIGNMENT,20230622_02_CSV.txt,TRUE,ACN,15,,x,,,,,,,,,x
372,POST,ALIGNMENT,Catalog_22_06.txt,TRUE,CANVASS,5,,x,,,,,,,,,
373,POST,ALIGNMENT,Catalog_LOV_npp_mapping_22.txt,TRUE,CANVASS,5,,x,,,,,,,,,
374,POST,ALIGNMENT,20230607_NFS_TechnicalCatalog_Update_IntID_FULL_SOLO_PROD.txt,TRUE,salvatore.caroprese,5,,x,,,,,,,,,
375,POST,ALIGNMENT,20230607_NFS_TechnicalCatalog_Update_IntID.txt,TRUE,salvatore.caroprese,10,,x,,,,,,,,,
376,POST,ALIGNMENT,attributi_bb.txt,TRUE,CANVASS,5,,x,,,,,,,,,
377,POST,ALIGNMENT,2023_06_28_OCTANE_115020.txt,TRUE,francesco.degaetano,5,,,,,x,,,,,,
378,POST,ALIGNMENT,2023_06_28_OCTANE_115034.txt,TRUE,francesco.degaetano,5,,,,,x,,,,,,
379,POST,ALIGNMENT,2023_07_07_OCTANE_115096.txt,TRUE,francesco.degaetano,5,,,,,x,,,,,,
380,POST,UAT,20230721_Contract_CanaleInvio_TC_FLS.txt,FALSE,sabrina.spada,5,,,x,,,,,,,,
381,POST,ALIGNMENT,Eliminazione_promo_message.txt,FALSE,CANVASS,5,x,x,,,,,,,,,
382,POST,ALIGNMENT,Catalog_19_07.txt,TRUE,CANVASS,5,x,x,,,,,,,,,
383,POST,UAT,DataLoader_update_NewCrm_IntegrationSettingParam_BL299.txt,TRUE,vinay.b.kumar.verma,5,,,x,,,,,,,,
384,POST,UAT,20230724_DataLoader_Insert_COMPL100TV_LOV.txt,TRUE,simran.sunil,5,,,x,,,,,,,,
385,POST,UAT,20230724_OrderItem_FLS_COMPL100TV.txt,FALSE,simran.sunil,5,,,x,,,,,,,,
386,POST,UAT,20230725_DataLoader_Update_COMPL100TV_LOV.txt,TRUE,simran.sunil,5,,,x,,,,,,,,
387,POST,UAT,DataLoader_CustomSetting_TA_TriggerSupport_Drop2.txt,TRUE,niso.cassiano,5,,,x,,,,,,,,
388,POST,UAT,20230726_DataLoader_INSERT_CT232.txt,TRUE,vinay.b.kumar.verma,5,,,x,,,,,,,,
389,POST,UAT,20230727_Dataloader_LOV_Update_CXID2.txt,TRUE,abhay.singh.solanki,5,,,x,,,,,,,,
390,POST,UAT,20230803_DataLoader_UPDATE_CT232.txt,TRUE,vinay.b.kumar.verma,5,,,x,,,,,,,,
391,POST,UAT,20230809_NFS_OCTANE119064_WS.txt,TRUE,saket.vilas.kolte,5,,,x,,,,,,,,
392,POST,ALIGNMENT,20230808_INC2799715_RiattivazioneOS.txt,FALSE,giancarlo.h.canillas,5,x,,,,,,,,,,
393,POST,ALIGNMENT,Catalog_LOV_npp_mapping_03_08.txt,TRUE,CANVASS,5,,x,,,,,,,,,
394,POST,ALIGNMENT,Catalog_03_08.txt,TRUE,CANVASS,5,,x,,,,,,,,,
395,POST,ALIGNMENT,Catalog_InversioneGlass_03_08.txt,TRUE,CANVASS,5,,x,,,,,,,,,
396,POST,ALIGNMENT,20230808_01_VARIOUS.txt,TRUE,ACN,5,x,,,,,,,,,,x
397,POST,ALIGNMENT,Catalog_08_08.txt,TRUE,CANVASS,5,,x,,,,,,,,,
398,POST,UAT,20230822_Delete_Not_for_Production.txt,TRUE,abhay.singh.solanki,5,,,x,,,,,,,,
399,POST,UAT,20230822_DataLoader_Insert_CXID2_LOV.txt,TRUE,abhay.singh.solanki,5,,,x,,,,,,,,
400,POST,UAT,20230904_CXId19_AssignProfilePermission.txt,FALSE,harshita.a.agarwal,5,,,x,,,,,,,,
401,POST,UAT,20230905_CXId19_AssignProfilePermission.txt,FALSE,harshita.a.agarwal,5,,,x,,,,,,,,
402,POST,UAT,20230905_CXId6.1_AssignProfilePermission.txt,FALSE,simran.sunil,5,,,x,,,,,,,,
403,POST,UAT,2023_09_04_OCTNANE_120366.txt,TRUE,francesco.degaetano,5,,,x,,,,,,,,
404,POST,ALIGNMENT,2023_05_26_OCTANE_106325.txt,FALSE,francesco.degaetano,5,,,,,x,,,,,,
405,POST,ALIGNMENT,20230726_INC2965029_RiattivazioneOS.txt,FALSE,giancarlo.h.canillas,5,,,,,x,,,,,,
406,POST,ALIGNMENT,20230726_DataLoader_INC3154452.txt,TRUE,stefano.carannante,5,,,,,x,,,,,,
407,PRE,ALIGNMENT,delete_ple.txt,FALSE,CANVASS,5,x,,,,,,,,,,
408,POST,ALIGNMENT,Catalog_13_07_Sostituzione.txt,TRUE,CANVASS,5,x,,,,,,,,,,
409,POST,ALIGNMENT,insertcatalog.txt,TRUE,CANVASS,5,x,x,,,,,,,,,
410,POST,ALIGNMENT,20230713_Octane111387.txt,FALSE,c.ferrigno,5,,x,,,,,,,,,
411,POST,ALIGNMENT,20230714_FLS_BL299.txt,FALSE,vinay.b.kumar.verma,5,,x,,,,,,,,,
412,POST,ALIGNMENT,20230719_NFS_R4.3_Masking.txt,FALSE,asmita.kulkarni,5,,,,,x,,,,,,
413,POST,ALIGNMENT,20230719_Conf_Label_NFS_TouchPoint_Switch.txt,FALSE,damiano.palena,5,,,,,,,,,,,
414,POST,ALIGNMENT,20230721_Dataloader_LOV_Update_CXID2.txt,TRUE,abhay.singh.solanki,5,,x,,,,,,,,,
415,POST,ALIGNMENT,20230721_DataLoader_NewCrm_IntegrationSettingParam_CXID2.txt,TRUE,abhay.singh.solanki,5,,x,,,,,,,,,
416,POST,ALIGNMENT,20230721_DataLoaderUpdate_BL299.txt,TRUE,vinay.b.kumar.verma,5,,x,,,,,,,,,
417,POST,ALIGNMENT,20230724_profileAccess_NFS_R4.3P2.txt,FALSE,saket.vilas.kolte,5,,x,,,,,,,,,
418,POST,ALIGNMENT,2023_07_19_BL164_Rollback_COUPON.txt,TRUE,salvatore.caroprese,5,,,,,x,,,,,,
419,POST,ALIGNMENT,Catalogo_19_07_2023_BL164_Rollback_Cataloghi.txt,FALSE,salvatore.caroprese,5,,,,,x,,,,,,
420,POST,ALIGNMENT,20230627_01_VARIOUS.txt,TRUE,ACN,40,,,,,x,,,,,,
421,POST,ALIGNMENT,20230627_02_CSV.txt,TRUE,ACN,40,,,,,x,,,,,,
422,POST,ALIGNMENT,20230720_INC3201028_NFS_MP.txt,TRUE,damiano.palena,5,,x,x,x,x,,,,x,,
423,POST,ALIGNMENT,Catalog_26_07_Sostituzione.txt,TRUE,CANVASS,5,,X,,,,,,,,,
424,POST,ALIGNMENT,Catalog_26_07.txt,TRUE,CANVASS,5,,X,,,,,,,,,
425,POST,ALIGNMENT,Attributi_bb_26_07.txt,TRUE,CANVASS,5,,X,,,,,,,,,
426,POST,ALIGNMENT,Mapping_npp_26_07.txt,TRUE,CANVASS,5,,,,,,,,,,,
427,PRE,ALIGNMENT,Catalogo_20230724_DELETE_PE_duplicati.txt,FALSE,salvatore.caroprese,2,,,,,,,,,,,
428,PRE,ALIGNMENT,NFS_RemovePermissionset_SKYOSBuser.txt,FALSE,niso.cassiano,2,,,,,x,,,,,,
429,POST,ALIGNMENT,20230726_Dataloader_LOV_Update_CXID2.txt,TRUE,abhay.singh.solanki,5,,x,,,,,,,,,
430,POST,ALIGNMENT,20230727_DataLoader_NewCrm_IntegrationSettingParam_CXID2.txt,TRUE,abhay.singh.solanki,5,,x,,,,,,,,,
431,POST,ALIGNMENT,20230803_Contract_CanaleInvioTC_FLS.txt,FALSE,sabrina.spada,5,,,,,x,,,,,,
432,POST,ALIGNMENT,20230804_NFS_Label_Unmask.txt,FALSE,saket.vilas.kolte,5,,,,,x,,,,,,
433,POST,ALIGNMENT,20230804_DataLoader_INSERT_CT232.txt,TRUE,vinay.b.kumar.verma,5,,x,,,,,,,,,
434,PRE,ALIGNMENT,Delete_rule_assignment.txt,TRUE,CANVASS,10,x,x,,,x,,,,,,x
435,POST,ALIGNMENT,Attributi_bb_24_08.txt,TRUE,CANVASS,10,x,x,,,,,,,,,x
436,POST,ALIGNMENT,Catalog_24_08.txt,TRUE,CANVASS,5,x,x,,,,,,,,,x
437,POST,ALIGNMENT,Mapping_npp_24_08.txt,TRUE,CANVASS,5,x,,,,,,,,,,x
438,POST,ALIGNMENT,MP_product_24_08.txt,TRUE,CANVASS,15,x,x,,,,,,,,,x
439,POST,ALIGNMENT,20230821_Delete_Not_for_Production.txt,TRUE,abhay.singh.solanki,5,,x,,,,,,,,,
440,POST,ALIGNMENT,20230821_DataLoader_Insert_CXID2_LOV.txt,TRUE,abhay.singh.solanki,5,,x,,,,,,,,,
441,POST,ALIGNMENT,20230829_DataLoader_INC3172044.txt,TRUE,stefano.carannante,5,,x,,,,,,,,,
442,POST,ALIGNMENT,20230829_Update_INC3172044.txt,TRUE,giancarlo.h.canillas,5,x,,,,,,,,,,
443,POST,ALIGNMENT,Manual_Procedure_119126.txt,FALSE,giuseppe.bonura,5,x,,,,,,,,,,
444,POST,ALIGNMENT,20230829_01_VARIE.txt,TRUE,ACN,5,x,,,,,,,,,,x
445,POST,ALIGNMENT,20230829_02_CSV.txt,TRUE,ACN,5,x,,,,,,,,,,x
446,POST,ALIGNMENT,20230830_MP_OCTANE_OS_NFS_Activate.txt,FALSE,saket.vilas.kolte,5,,,,,x,,,,,,
447,POST,ALIGNMENT,20230831_MP_OCTANE_OS_NFS_Activate.txt,FALSE,saket.vilas.kolte,5,,,,,x,,,,,,
448,POST,UAT,20230908_MP_BL316_AssignProfilePermission.txt,FALSE,saket.vilas.kolte,5,,,x,,,,,,,,
449,POST,UAT,20230908_MP_BL316 _PicklistValues_RT.txt,FALSE,saket.vilas.kolte,5,,,x,,,,,,,,
450,POST,ALIGNMENT,Catalog_07_09.txt,TRUE,CANVASS,5,,x,,,,,,,,,
451,POST,ALIGNMENT,Catalog_LOV_npp_mapping_07_09.txt,TRUE,CANVASS,5,,x,,,,,,,,,
452,POST,ALIGNMENT,2023_09_01_OCTANE_119344.txt,TRUE,francesco.degaetano,5,x,,,,,,,,,,
453,POST,ALIGNMENT,20230905_01_CSV.txt,TRUE,ACN,5,x,,,,,,,,,,x
454,POST,UAT,20230911_Asset_OrderItem_FieldMapping_COMPL100Drop3B.txt,FALSE,harshita.a.agarwal,5,,,x,,,,,,,,
455,POST,UAT,20230912_MP_OS_ID6.2_Activate.txt,FALSE,simran.sunil,5,,,x,,,,,,,,
456,POST,UAT,20230913_MP_OS_ID6.2_Activate.txt,FALSE,simran.sunil,5,,,x,,,,,,,,
457,POST,UAT,20230914_MP_OS_ID6.2_Activate.txt,FALSE,simran.sunil,5,,,x,,,,,,,,
458,POST,UAT,20230914_MP_OS_ID6.2_Activate.txt,FALSE,simran.sunil,5,,,x,,,,,,,,
459,POST,UAT,20230915_DataLoader_Insert_trascodifica_SF_SBL_BL237.txt,TRUE,simran.sunil,5,,,x,,,,,,,,
460,POST,UAT,20230915_DataLoader_Insert_TrackingDigital_BL237.txt,TRUE,simran.sunil,5,,,x,,,,,,,,
461,POST,UAT,20230915_DataLoader_Insert_BL237.txt,TRUE,simran.sunil,5,,,x,,,,,,,,
462,POST,UAT,20230915_BL316_VFProfilePermission.txt,FALSE,saket.vilas.kolte,5,,,x,,,,,,,,
463,POST,UAT,20230915_MP_OS_ID6.2_Activate.txt,FALSE,simran.sunil,5,,,x,,,,,,,,
464,POST,UAT,20230915_MP_BL316_TabVisibility.txt,FALSE,saket.vilas.kolte,5,,,x,,,,,,,,
465,POST,UAT,DataLoader_20230917_IntegSettParams_BillInvoice.txt,TRUE,niso.cassiano,5,,,x,,,,,,,,
466,POST,UAT,MP_20230917_FLS_Tracking_Payment.txt,FALSE,niso.cassiano,5,,,x,,,,,,,,
467,POST,UAT,20230918_RETENTION_DATALOADER_UPDATE_BL237.txt,TRUE,simran.sunil,5,,,x,,,,,,,,
468,POST,ALIGNMENT,20230912_manualPro_INC3288867.txt,FALSE,stefano.carannante,2,x,,,,,,,,,,
469,POST,ALIGNMENT,20230829_Update_INC3189299.txt,TRUE,stefano.carannante,5,x,,,,,,,,,,
470,POST,ALIGNMENT,20230912_01_VARIOUS.txt,TRUE,ACN,5,x,,,,,,,,,,x
471,POST,ALIGNMENT,20230912_02_CSV.txt,TRUE,ACN,5,x,,,,,,,,,,x
472,POST,UAT,20230918_DataLoader_Delete_trascodifica_SF_SBL_BL237.txt,TRUE,simran.sunil,5,,,x,,,,,,,,
473,POST,UAT,20230918_TrackinDigitalUpdate_LOV_BL237.txt,TRUE,simran.sunil,5,,,x,,,,,,,,
474,POST,UAT,20230919_MP_OS_ID6.2_Activate.txt,FALSE,simran.sunil,5,,,x,,,,,,,,
475,POST,UAT,20230919_MP_OS_ID6.2_Activate.txt,FALSE,simran.sunil,5,,,x,,,,,,,,
476,POST,UAT,20230919BL316_AssignProfilePermission.txt,FALSE,abhay.singh.solanki,5,,,x,,,,,,,,
477,POST,UAT,20230920_MP_BL316_TabPermissionSet.txt,FALSE,saket.vilas.kolte,5,,,x,,,,,,,,
478,POST,UAT,20230922_MP_BL316_ReportVFApexPermissionSet.txt,FALSE,saket.vilas.kolte,5,,,x,,,,,,,,
479,POST,UAT,20230922_MP_OS_ID6.2_Activate.txt,FALSE,simran.sunil,5,,,x,,,,,,,,
480,POST,UAT,20230925_MP_BL316_RunReportPermissionSet.txt,FALSE,saket.vilas.kolte,5,,,x,,,,,,,,
481,POST,UAT,20230925_Case_Order_FLS_BL237.txt,FALSE,harshita.a.agarwal,5,,,x,,,,,,,,
645,POST,ALIGNMENT,2023_09_04_OCTANE_120366.txt,TRUE,francesco.degaetano,5,,x,,,,,,,,,
647,POST,ALIGNMENT,2023_09_06_OCTNANE_120387.txt,TRUE,francesco.degaetano,5,,x,,,,,,,,,
650,POST,ALIGNMENT,2023.09.11_MP_120446.txt,FALSE,g.bonura,5,,x,,,,,,,,,
651,POST,ALIGNMENT,2023_09_27_INC_SCTASK1657117.txt,FALSE,saurabh.anil.padmane,5,,x,,,,,,,,,
656,POST,ALIGNMENT,20231309_MP_119416.txt,FALSE,francesco.manzillo,5,,,,,,,,,,,
657,POST,ALIGNMENT,2023.09.12_MP_119457.txt,FALSE,g.bonura,5,x,,,,,,,,,,
658,POST,ALIGNMENT,20230914_01_VARIOUS.txt,TRUE,ACN,5,x,,,,,,,,,,
659,POST,ALIGNMENT,Attributi_bb_14_09.txt,TRUE,CANVASS,5,,x,,,,,,,,,
660,POST,ALIGNMENT,Catalog_14_09.txt,TRUE,CANVASS,5,,x,,,,,,,,,
661,POST,ALIGNMENT,attributi_14_09.txt,TRUE,CANVASS,5,,x,,,,,,,,,
662,POST,ALIGNMENT,Mapping_npp_14_09.txt,TRUE,CANVASS,5,,x,,,,,,,,,
663,POST,ALIGNMENT,20230915_NFS_R4.3_Masking.txt,FALSE,saket.vilas.kolte,5,,x,,,,,,,,,
664,POST,UAT,20230925_MP_OS_ID6.2_Activate.txt,FALSE,harshita.a.agarwal,5,,,x,,,,,,,,
665,POST,ALIGNMENT,20230915_NFS_R4.3_Masking.txt,FALSE,saket.vilas.kolte,5,,x,,,,,,,,,
667,POST,ALIGNMENT,InsertHierarchyProduct_penali_bb.txt,FALSE,CANVASS,10,x,,,,x,,,,,,
668,POST,ALIGNMENT,InsertHierarchyProduct_FV-SPORT.txt,FALSE,CANVASS,10,x,x,,,,,,,,,
669,POST,ALIGNMENT,Attributi_bb_21_09.txt,TRUE,CANVASS,5,,x,,,,,,,,,
670,POST,ALIGNMENT,Catalog_21_09.txt,TRUE,CANVASS,5,,x,,,,,,,,,
671,POST,ALIGNMENT,Mapping_npp_21_09.txt,TRUE,CANVASS,5,,x,,,,,,,,,
672,POST,UAT,20230926_MP_BL316_PickList.txt,FALSE,saket.vilas.kolte,5,,,x,,,,,,,,
673,POST,UAT,MP_BL316_ReportTypeDeployStatus.txt,FALSE,saket.vilas.kolte,5,,,x,,,,,,,,
674,POST,UAT,20230926_MP_OS_ID6.2_Activate.txt,FALSE,vinay.b.kumar.verma,5,,,x,,,,,,,,
675,POST,UAT,20230927_MP_OS_ID6.2_Activate.txt,FALSE,simran.sunil,5,,,x,,,,,,,,
676,POST,UAT,20230929_MP_OS_ID6.2_Activate.txt,FALSE,harshita.a.agarwal,5,,,x,,,,,,,,
677,POST,UAT,20231004_RETENTION_DATALOADER_UPDATE_BL237.txt,TRUE,simran.sunil,5,,,x,,,,,,,,
678,POST,UAT,20231004_GET_GLASSPPV_SCMS_Insert_NewCrm_IntegrationSettingParam__c.txt,TRUE,sabrina.spada,5,,,x,,,,,,,,
679,POST,UAT,20231006_MP_RTB_FLS.txt,FALSE,saket.vilas.kolte,5,,,x,,,,,,,,
680,POST,UAT,20231006_MP_OS_ReActivate.txt,FALSE,saket.vilas.kolte,5,,,x,,,,,,,,
681,POST,UAT,20231012_DataLoader_UpdateTrackingDigital_BL237_PRJ.txt,TRUE,simran.sunil,10,,,x,,,,,,,,
682,POST,UAT,20231016_DataLoader_UpdateTrackingDigital_BL237_PRJ.txt,TRUE,simran.sunil,10,,,x,,,,,,,,
683,POST,ALIGNMENT,AttributiBB.txt,TRUE,CANVASS,10,,x,,,,,,,,,
684,POST,ALIGNMENT,Catalog.txt,TRUE,CANVASS,5,,x,,,,,,,,,
685,POST,UAT,20231018_HW_TrackingDigital_LOV_PRJ.txt,TRUE,simran.sunil,10,,,x,,,,,,,,
686,POST,UAT,20231019_MP_OS_ID6.2_Activate.txt,FALSE,simran.sunil,5,,,x,,,,,,,,
687,POST,UAT,23102023_FEDERICO_SIM_FLS.txt,FALSE,vinay.b.kumar.verma,10,,,x,,,,,,,,
688,POST,UAT,20231025_MP_OS_ID6.2_Activate.txt,FALSE,simran.sunil,5,,,x,,,,,,,,
689,POST,UAT,20231026_DATALOADER_COMPL100_R3.txt,TRUE,saket.kolte,10,,,x,,,,,,,,
690,POST,UAT,Dataloader_COMPL100_LOV_SKY8029.txt,TRUE,asmita.kulkartni,2,,,x,,,,,,,,
691,POST,UAT,20231027_MP_Federico_PickList.txt,FALSE,simran.sunil,5,,,x,,,,,,,,
694,POST,UAT,20231027_FLS_MSISDN_SIM_Federico.txt,FALSE,simran.sunil,5,,,x,,,,,,,,
695,PRE,UAT,20231027_Delete_SIMFields_Federico.txt,FALSE,simran.sunil,5,,,x,,,,,,,,
696,POST,UAT,20231027_LOV_COMPL100SKY8039_Update.txt,TRUE,saket.vilas.kolte,5,,,x,,,,,,,,
697,POST,UAT,20231027_MC_Connector_SIM_FLS.txt,FALSE,simran.sunil,5,,,x,,,,,,,,
698,POST,UAT,20231030_MP_ResubmitTool_defect-1.2.2.txt,FALSE,roberto.santoro,5,,,x,,,,,,,,
699,POST,UAT,20231031_SIM_Field_FLS.txt,FALSE,simran.sunil,5,,,x,,,,,,,,
700,POST,UAT,LOV_UPSERT_LOV_ALIGNMENT.txt,TRUE,asmita.kulkarni,5,,,x,,,,,,,,
701,POST,UAT,20231106_Federico_PromoCategory_RecordType_Picklist.txt,FALSE,simran.sunil,5,,,x,,,,,,,,
702,POST,UAT,20231106_Delete_Lead_MobileRT.txt,FALSE,simran.sunil,5,,,x,,,,,,,,
703,POST,UAT,20231106_Lead_Mobile_RT_Profile_Assignement.txt,FALSE,simran.sunil,5,,,x,,,,,,,,
704,POST,UAT,20231106_Lead_Picklist_Stato_MobileRT.txt,FALSE,simran.sunil,5,,,x,,,,,,,,
705,POST,UAT,20231107_MP_OS_ID6.2_Activate.txt,FALSE,simran.sunil,5,,,x,,,,,,,,
706,POST,UAT,20231108_MP_ResubmitTool_defect-6.3.1.txt,FALSE,roberto.santoro,5,,,x,,,,,,,,
707,POST,ALIGNMENT,20231030_INC3222263.txt,FALSE,shravani.khaparkar,10,x,,,,,,,,,,
708,POST,ALIGNMENT,2023.10.30_MP_120941.txt,FALSE,bonurag,5,x,,,,,,,,,,
709,POST,ALIGNMENT,20231030_Insert_RITM1889295.txt,TRUE,giancarlo.h.canillas,5,x,,,,,,,,,,
710,POST,ALIGNMENT,2023.10.30_MP_REV5373.txt,TRUE,fmanzillo,5,x,,,,,,,,,,
711,POST,ALIGNMENT,20231025_DeactivateActivatePromotionChecker.txt,FALSE,niso.cassiano,5,x,,,,,,,,,,
712,POST,ALIGNMENT,20231030_01_VARIOUS.txt,TRUE,ACN,10,x,,,,,,,,,,
713,POST,ALIGNMENT,20231030_02_CSV.txt,TRUE,ACN,10,x,,,,,,,,,,
714,POST,UAT,20231110_Federico_MSISDN_FLS.txt,FALSE,simran.sunil,5,,,x,,,,,,,,
715,POST,UAT,20231110_MP_OS_ID6.2_Activate.txt,FALSE,simran.sunil,5,,,x,,,,,,,,
716,POST,UAT,20231110_MP_OS_ID6.2_Activate.txt,FALSE,simran.sunil,5,,,x,,,,,,,,
717,POST,UAT,20231110_RemoteSiteSetting_FlexCard.txt,FALSE,simran.sunil,5,,,x,,,,,,,,
718,POST,UAT,LOV_UPSERT_LOV_OCTANE121360.txt,TRUE,asmita.kulkarni,5,,,x,,,,,,,,
719,POST,UAT,20231115_DataLoader_Update_COMPL1003B_LOV.txt,TRUE,vinay.b.kumar.verma,5,,,x,,,,,,,,
720,POST,UAT,20231115_SIM_Field_FLS.txt,FALSE,simran.sunil,5,,,x,,,,,,,,
721,POST,UAT,20231123_FedericoDrop3_ApexClassAssignment.txt,FALSE,simran.sunil,5,,,x,,,,,,,,
722,POST,UAT,20231123_FedericoDrop3_VfPageAssignment.txt,FALSE,simran.sunil,5,,,x,,,,,,,,
723,POST,UAT,20231123_Create_DETTAGLIFAKE_TAB_Federico.txt,FALSE,simran.sunil,5,,,x,,,,,,,,
724,POST,UAT,20231124_SIM_FLS.txt,FALSE,simran.sunil,5,,,x,,,,,,,,
725,POST,UAT,LOV_UPSERT_LOV_ALIGNMENT.txt,TRUE,asmita.kulkartni,4,,,x,,,,,,,,
895,POST,ALIGNMENT,2023_09_08_OCTANE_120391.txt,TRUE,francesco.degaetano,5,,,,,x,,,,,,
915,POST,ALIGNMENT,20230918_MP_119571.txt,FALSE,c.ferrigno,5,,x,,,,,,,,,
916,POST,ALIGNMENT,20230927_01_VARIOUS.txt,TRUE,ACN,25,,x,,,,,,,,,
917,POST,ALIGNMENT,20230927_02_CSV.txt,TRUE,ACN,40,,x,,,,,,,,,
918,POST,ALIGNMENT,2023_09_21_LOV_MdC_PINC4_AUMENTO_HD.txt,TRUE,salvatore.caroprese,5,,x,,,,,,,,,
919,POST,ALIGNMENT,Catalog_27_09.txt,TRUE,CANVASS,5,,x,,,,,,,,,
920,POST,ALIGNMENT,Mapping_npp_27_09.txt,TRUE,CANVASS,5,,x,,,,,,,,,
921,POST,ALIGNMENT,2023_10_03_OCTANE_119749.txt,TRUE,francesco.degaetano,5,,,,,x,,,,,,
922,POST,ALIGNMENT,2023_09_27_OCTANE_119664.txt,TRUE,francesco.degaetano,5,x,,,,,,,,,,
923,POST,ALIGNMENT,20231005_INC3339371_RiattivazioneOS.txt,FALSE,giancarlo.h.canillas,5,x,,,,,,,,,,
924,POST,ALIGNMENT,20231005_DataLoader_INC3378500.txt,TRUE,stefano.carannante,5,x,,,,,,,,,,
925,POST,ALIGNMENT,20231005_01_VARIOUS.txt,TRUE,ACN,5,x,,,,,,,,,,
926,POST,ALIGNMENT,20231005_02_CSV.txt,TRUE,ACN,10,x,,,,,,,,,,
927,POST,ALIGNMENT,20231005_02_CSV.txt,TRUE,ACN,15,x,,,,,,,,,,
928,POST,ALIGNMENT,20231004_DataLoader_NewCrm_IntegrationSettingParam_CXID2.txt,TRUE,abhay.singh.solanki,10,x,,,,,,,,,,
929,POST,ALIGNMENT,20231018_INC2926735_NewListView.txt,FALSE,giancarlo.h.canillas,5,,x,,,,,,,,,
930,POST,ALIGNMENT,Attributi_05_10.txt,TRUE,CANVASS,10,,x,,,,,,,,,
931,POST,ALIGNMENT,Attributi_bb_05_10.txt,TRUE,CANVASS,10,,x,,,,,,,,,
932,POST,ALIGNMENT,Catalog_05_10.txt,TRUE,CANVASS,5,,x,,,,,,,,,
933,POST,ALIGNMENT,Mapping_npp_05_10.txt,TRUE,CANVASS,5,,x,,,,,,,,,
934,POST,ALIGNMENT,20231005_Permission_CT23_ApexClass_Page.txt,FALSE,vinay.b.kumar.verma,15,,,,,x,,,,,,
935,POST,ALIGNMENT,20231006_CXID_6.1_AssignProfilePermission.txt,FALSE,simran.sunil,5,,x,,,,,,,,,
936,POST,ALIGNMENT,20231006_MP_OS_ID6.2_Activate.txt,FALSE,simran.sunil,5,,x,,,,,,,,,
937,POST,ALIGNMENT,DataLoader_NewCrm_IntegrationSettingParam_CXID6.1.txt,TRUE,simran.sunil,10,,x,,,,,,,,,
938,POST,ALIGNMENT,20231006_CXId19_AssignProfilePermission.txt,FALSE,abhay.singh.solankil,5,,x,,,,,,,,,
939,POST,ALIGNMENT,20231006_Case_Order_FLS_BL237.txt,FALSE,simran.sunil,5,,x,,,,,,,,,
940,POST,ALIGNMENT,20231006_DataLoader_Insert_BL237.txt,TRUE,simran.sunil,10,,x,,,,,,,,,
941,POST,ALIGNMENT,20231006_DataLoader_Insert_TrackingDigital_BL237.txt,TRUE,simran.sunil,10,,x,,,,,,,,,
942,POST,ALIGNMENT,20231006_RETENTION_DATALOADER_UPDATE_BL237.txt,TRUE,simran.sunil,10,,x,,,,,,,,,
943,POST,ALIGNMENT,20231006_DataLoader_Insert_COMPL100TV_LOV_Data.txt,TRUE,vinay.b.kumar.verma,10,,x,,,,,,,,,
944,POST,ALIGNMENT,20231006_DataLoader_Insert_NFS_Daignostica.txt,TRUE,vinay.b.kumar.verma,10,,x,,,,,,,,,
945,POST,ALIGNMENT,20231009_DataLoader_Insert_COMPL1003B_LOV.txt,TRUE,vinay.b.kumar.verma,10,,x,,,,,,,,,
946,POST,ALIGNMENT,20231006_DataLoader_Delete_COMPL100TV_LOV_Data.txt,FALSE,vinay.b.kumar.verma,10,,x,,,,,,,,,
947,POST,ALIGNMENT,20231009_FLS_COMPL100.txt,FALSE,vinay.b.kumar.verma,10,,x,,,,,,,,,
948,POST,ALIGNMENT,20231009_Asset_OrderItem_FieldMapping_COMPL100Drop3B.txt,FALSE,harshita.a.agarwal,10,,x,,,,,,,,,
951,POST,ALIGNMENT,20231009_NFSWorkOrderType_Insert_COMPL1003B.txt,TRUE,vinay.b.kumar.verma,5,,x,,,,,,,,,
952,POST,ALIGNMENT,20231009_FLS_LOV_WHS.txt,FALSE,simran.sunil,5,,x,,,,,,,,,
953,POST,ALIGNMENT,MP_BL316_AssignProfilePermission.txt,FALSE,saket.vilas.kolte,5,,x,,,,,,,,,
954,POST,ALIGNMENT,MP_BL316_PicklistValues_RT.txt,FALSE,saket.vilas.kolte,5,,x,,,,,,,,,
961,POST,ALIGNMENT,MP_20231009_Deactive_PB.txt,FALSE,niso.cassiano,10,,x,,,,,,,,,
963,POST,ALIGNMENT,20231009_Subscription_PageLayout_addPraticaFinanziariaFields.txt,FALSE,sabrina.spada,5,,x,,,,,,,,,
964,POST,ALIGNMENT,20231009_Order_PageLayout_addField_IdPratica.txt,FALSE,sabrina.spada,5,,x,,,,,,,,,
965,POST,ALIGNMENT,20231010_DataLoader_LovBL316.txt,TRUE,lorenzo.siciliano,10,,x,,,,,,,,,
966,POST,ALIGNMENT,OCTANE_119850_MP.txt,TRUE,asmita.kulkarni,2,,x,,,,,,,,,
967,POST,ALIGNMENT,20231011_MP_SCTASK1753032.txt,FALSE,c.ferrigno,5,,x,,,,,,,,,
968,POST,ALIGNMENT,20231006_NFS_R4.3_Masking.txt,FALSE,francesco.degaetano,5,,,,,x,,,,,,
969,POST,ALIGNMENT,20231018_119823.txt,FALSE,giancarlo.h.canillas,5,,,,,x,,,,,,
970,POST,ALIGNMENT,2023_10_11_OCTANE_120842.txt,TRUE,francesco.degaetano,5,,x,,,,,,,,,
971,POST,ALIGNMENT,20231012_DataLoader_UpdateTrackingDigital_BL237.txt,TRUE,simran.sunil,10,,x,,,,,,,,,
972,POST,ALIGNMENT,20231012_DataLoader_Insert_COMP100TV_LOV_Data.txt,TRUE,vinay.b.kumar.verma,10,,x,,,,,,,,,
973,POST,ALIGNMENT,20231012_GET_GLASSPPV_SCMS_Insert_NewCrm_IntegrationSettingParam__c.txt,TRUE,sabrina.spada,10,,x,,,,,,,,,
977,POST,ALIGNMENT,20231013_MP_OS_ReActivate.txt,FALSE,saket.vilas.kolte,3,,x,,,,,,,,,
978,POST,ALIGNMENT,20231011_DataLoader_INSERT_CT232.txt,TRUE,vinay.b.kumar.verma,5,,,,,x,,,,,,
979,POST,ALIGNMENT,20231018_01_VARIOUS.txt,TRUE,ACN,20,,,,,x,,,,,,
980,POST,ALIGNMENT,20231018_02_CSV.txt,TRUE,ACN,20,,,,,x,,,,,,
981,POST,ALIGNMENT,20231016_DataLoader_UpdateTrackingDigital_BL237.txt,TRUE,simran.sunil,10,,x,,,,,,,,,
982,POST,ALIGNMENT,20231016_Octane119941_Upsert.txt,TRUE,asmita.kulkarni,5,,x,,,,,,,,,
983,POST,ALIGNMENT,2023.09.11_MP_120941.txt,FALSE,giuseppe.bonura,5,,x,,,,,,,,,
984,POST,ALIGNMENT,20231018_MP_BL316_ViewReportPermissionSet.txt,FALSE,saket.vilas.kolte,5,,x,,,,,,,,,
985,POST,ALIGNMENT,20231018_HW_TrackingDigital_LOV_AM.txt,TRUE,simran.sunil,10,,x,,,,,,,,,
986,POST,ALIGNMENT,20231019_DataLoader_Update_COMPL1003B_LOV.txt,TRUE,vinay.b.kumar.verma,10,,x,,,,,,,,,
987,POST,ALIGNMENT,DataLoader_LOV_BL316_Upsert.txt,TRUE,saket.vilas.kolte,5,,x,,,,,,,,,
988,POST,ALIGNMENT,20231019_MP_BL316_PicklistValues_RT.txt,FALSE,saket.vilas.kolte,5,,x,,,,,,,,,
989,POST,ALIGNMENT,20231019_Permission_BL316_MyAllCasesApexClass.txt,FALSE,vinay.b.kumar.verma,5,,x,,,,,,,,,
991,POST,ALIGNMENT,20231020_MP_RTB_FLS.txt,FALSE,saket.vilas.kolte,5,,x,,,,,,,,,
992,POST,ALIGNMENT,20231020_PermissionSet_BL316ApexClassVfPage.txt,FALSE,vinay.b.kumar.verma,15,,x,,,,,,,,,
993,POST,ALIGNMENT,20231020_MP_OS_ID6.2_Activate.txt,FALSE,harshita.a.agarwal,5,,x,,,,,,,,,
994,POST,ALIGNMENT,20231023_FLS_ASSET_CT23.txt,FALSE,lorenzo.siciliano,5,,x,,,,,,,,,
995,POST,ALIGNMENT,20231024_DataLoader_NewCrm_IntegrationSettingParam_CXID6.1.txt,TRUE,simran.sunil,10,,x,,,,,,,,,
996,POST,ALIGNMENT,DataLoader_Update_NewCrm_IntegrationSettingParamCX_6_1.txt,TRUE,simran.sunil,10,,x,,,,,,,,,
998,POST,ALIGNMENT,2023_10_25_OCTANE_121119.txt,TRUE,francesco.degaetano,5,,x,,,,,,,,,
1000,POST,ALIGNMENT,2023_11_29_INC_SCTASK1657117.txt,FALSE,saurabh.anil.padmane,5,,x,,,,,,,,,
1001,POST,ALIGNMENT,20231026_Permission_CT23_ApexClass_Page.txt,FALSE,lorenzo.siciliano,5,,x,,,,,,,,,
1002,POST,ALIGNMENT,LOV_UPDATE_OCTANE121204.txt,TRUE,asmita.kulkatrni,5,,x,,,,,,,,,
1003,POST,ALIGNMENT,LOV_UPDATE_OCTANE121207.txt,TRUE,asmita.kulkatrni,5,,x,,,,,,,,,
1010,POST,ALIGNMENT,20230211_BL237_RETENTION_UPDATE.txt,TRUE,simran.sunil,10,,x,,,,,,,,,
1011,POST,ALIGNMENT,20231102_DataLoader_BL316_LOV_Data.txt,TRUE,lorenzo.siciliano,10,,x,,,,,,,,,
1012,POST,ALIGNMENT,20231102_DataLoader_BL316_LOV_Data2.txt,TRUE,lorenzo.siciliano,10,,x,,,,,,,,,
1013,POST,ALIGNMENT,20231103_BL316_UpdateLOV_Attivita.txt,TRUE,sabrina.spada,10,,x,,,,,,,,,
1014,POST,ALIGNMENT,20231103_BL316_UpdateLOV_CaseManagement.txt,TRUE,sabrina.spada,10,,x,,,,,,,,,
1015,POST,ALIGNMENT,20231103_BL316_UpdateLOV_MdC.txt,TRUE,sabrina.spada,10,,x,,,,,,,,,
1016,POST,ALIGNMENT,Attributi.txt,TRUE,CANVASS,5,,x,,,,,,,,,
1017,POST,ALIGNMENT,AttributiBB.txt,TRUE,CANVASS,5,,x,,,,,,,,,
1018,POST,ALIGNMENT,Delete_Catalog.txt,FALSE,CANVASS,5,,x,,,,,,,,,
1020,POST,ALIGNMENT,20231107_FEDERICO_Fields_FLS.txt,FALSE,simran.sunil,5,,,,,x,,,,,,
1021,POST,ALIGNMENT,20231107_Federico_MSISDN_FLS.txt,FALSE,simran.sunil,5,,,,,x,,,,,,
1022,POST,ALIGNMENT,20231107_Lead_Mobile_RT_Creation.txt,FALSE,simran.sunil,5,,,,,x,,,,,,
1023,POST,ALIGNMENT,20231107_Lead_Picklist_Stato_MobileRT.txt,FALSE,simran.sunil,5,,,,,x,,,,,,
1024,POST,ALIGNMENT,20231107_MP_Account_Federico_PickList_RT.txt,FALSE,simran.sunil,5,,,,,x,,,,,,
1025,POST,ALIGNMENT,20231103_BL316_UpdateLOV_Case2.txt,TRUE,sabrina.spada,10,,x,,,,,,,,,
1026,POST,ALIGNMENT,20231106_COMPL1003B_OrderOfferBLB_RT.txt,FALSE,simran.sunil,5,,x,,,,,,,,,
1027,POST,ALIGNMENT,Catalogo_20240122_ExportAffinium_Federico.txt,FALSE,salvatore.caroprese,5,,,,,x,,,,,,
1028,POST,ALIGNMENT,20231108_Delete_SIM_MobileNumber.txt,FALSE,harshita.a.agarwal,5,,,,,x,,,,,,
1029,POST,ALIGNMENT,20231108_NFSOctane121328_Upsert.txt,TRUE,saket.vilas.kolte,5,,,,,x,,,,,,
1031,POST,ALIGNMENT,20231107_COMPL1003B_OrderOfferBLB_RT.txt,FALSE,vinay.b.kumar.verma,5,,x,,,,,,,,,
1032,POST,ALIGNMENT,20231108_COMPL1003B_OrderOfferBLB_RT.txt,FALSE,vinay.b.kumar.verma,5,,x,,,,,,,,,
1033,POST,ALIGNMENT,20231108_COMPL100_LOV_Update.txt,TRUE,vinay.b.kumar.verma,5,,x,,,,,,,,,
1034,POST,ALIGNMENT,20231109_PermissionSet_COMPL100.txt,FALSE,vinay.b.kumar.verma,5,,x,,,,,,,,,
1035,POST,ALIGNMENT,20231108_DataLoader_BL316_LOV_Data3.txt,TRUE,lorenzo.siciliano,10,,x,,,,,,,,,
1036,POST,UAT,2023_11_28_Catalogo_OfferID_Cr66.txt,TRUE,salvatore.caroprese,5,,,x,,,,,,,,
1037,POST,UAT,20231130_ActivateOmniscript_COMPL100_SKY8039_English.txt,FALSE,sabrina.spada,5,,,x,,,,,,,,
1038,POST,UAT,20231201_Federico_TabNameChange.txt,FALSE,simran.sunil,5,,,x,,,,,,,,
1039,POST,UAT,20231208_MP_NPU_PicklistValues_RT.txt,FALSE,saket.vilas.kolte,3,,,x,,,,,,,,
1040,POST,UAT,20231212_LOV_UPSERT_LOV_ALIGNMENT.txt,TRUE,asmita.kulkatrni,5,,,x,,,,,,,,
1041,POST,UAT,20231213_LOV_UPSERT_LOV_ALIGNMENT.txt,TRUE,asmita.kulkatrni,5,,,x,,,,,,,,
1042,POST,UAT,20231215_INSERT_LOV_FTTH_ASSURANCE.txt,TRUE,abhay.singh.solanki,5,,,x,,,,,,,,
1043,POST,UAT,20231220_MP_Activate_PB.txt,FALSE,niso.cassiano,5,,,x,,,,,,,,
1044,POST,UAT,20231221_MP_VisibilityApexPage.txt,FALSE,niso.cassiano,5,,,x,,,,,,,,
1045,POST,UAT,20240104_MP_VisibilityApexPage.txt,FALSE,niso.cassiano,5,,,x,,,,,,,,
1046,POST,UAT,20240108_W041_AnnullamentoSwap_UpdateLOV.txt,TRUE,sabrina.spada,5,,,x,,,,,,,,
1350,POST,ALIGNMENT,20231110_MP_OS_ID6.2_Activate02.txt,FALSE,simran.sunil,5,,x,,,,,,,,,
1352,POST,ALIGNMENT,NFS_SelfDiagnosticsMapper_INSERT_OCTANE122187.txt,TRUE,asmita.kulkarni,5,,x,,,,,,,,,
1353,POST,ALIGNMENT,20231113_Octane121429.txt,FALSE,c.ferrigno,5,,x,,,,,,,,,
1354,POST,ALIGNMENT,NFS_SelfDiagnosticsMapper_UPDATE.txt,TRUE,asmita.kulkarni,2,,x,,,,,,,,,
1355,POST,ALIGNMENT,20231114_Permission_INC3439345.txt,FALSE,niso.cassiano,2,,x,,,,,,,,,
1356,POST,ALIGNMENT,20231129_INC3407812.txt,TRUE,shravani.khaparkar,5,,x,,,,,,,,,
1358,POST,ALIGNMENT,NFS_SelfDiagnosticsMapper_UPDATE.txt,TRUE,asmita.kulkarni,5,,x,,,,,,,,,
1359,POST,ALIGNMENT,20231129_INC3407818.txt,TRUE,giancarlo.h.canillas,5,,x,,,,,,,,,
1360,POST,ALIGNMENT,20231115_INC3475019.txt,FALSE,c.ferrigno,5,,x,,,,,,,,,
1361,POST,ALIGNMENT,20231115_INC3475019_CustomMetadata.txt,FALSE,c.ferrigno,5,,x,,,,,,,,,
1362,POST,ALIGNMENT,20231115_INC3475019_Rollback.txt,FALSE,c.ferrigno,5,,x,,,,,,,,,
1363,POST,ALIGNMENT,20231115_INC3475019_CustomMetadata_Rollback.txt,FALSE,c.ferrigno,5,,x,,,,,,,,,
1364,POST,ALIGNMENT,catalog_dimension.txt,TRUE,CANVASS,5,,x,,,,,,,,,
1365,POST,ALIGNMENT,Attributi_bb_16_11.txt,TRUE,CANVASS,5,,x,,,,,,,,,
1366,POST,ALIGNMENT,Catalog_16_11.txt,TRUE,CANVASS,5,,x,,,,,,,,,
1367,POST,ALIGNMENT,Mapping_npp_16_11.txt,TRUE,CANVASS,5,,x,,,,,,,,,
1368,POST,ALIGNMENT,20231116_DataLoader_LovBL316.txt,TRUE,sabrina.spada,90,,x,,,,,,,,,
1369,POST,ALIGNMENT,2023_11_17_PINC4_Promo_start_date_01_12.txt,TRUE,salvatore.caroprese,5,,x,,,,,,,,,
1370,POST,ALIGNMENT,20231120_SCTASK1800209.txt,FALSE,c.ferrigno,5,,x,,,,,,,,,
1371,POST,ALIGNMENT,20231129_121553.txt,TRUE,giancarlo.h.canillas,5,,x,,,,,,,,,
1372,POST,ALIGNMENT,20231121_NFS_R4.3_Masking.txt,FALSE,francesco.degaetano,5,,x,,,,,,,,,
1373,POST,ALIGNMENT,Delete_Catalog_29_11.txt,FALSE,CANVASS,5,,x,,,,,,,,,
1374,POST,ALIGNMENT,Catalog_29_11.txt,TRUE,CANVASS,5,,x,,,,,,,,,
1375,POST,ALIGNMENT,modify_ple.txt,FALSE,CANVASS,5,,x,,,,,,,,,
1376,POST,ALIGNMENT,20231129_01_VARIOUS.txt,TRUE,ACN,120,,x,,,,,,,,,
1377,POST,ALIGNMENT,20231129_02_CSV.txt,TRUE,ACN,180,,x,,,,,,,,,
1378,POST,ALIGNMENT,Mapping_npp_29_11.txt,TRUE,ACN,5,,x,,,,,,,,,
1047,POST,UAT,20240110_ActivateOmniscript_BlueBird_NormalizzaIndirizzo.txt,FALSE,sabrina.spada,5,,,x,,,,,,,,
1048,POST,ALIGNMENT,20231110_MP_OS_ID6.2_Activate02.txt,FALSE,simran.sunil,5,,x,,,,,,,,,
1049,POST,ALIGNMENT,NFS_SelfDiagnosticsMapper_INSERT_OCTANE122187.txt,TRUE,asmita.kulkarni,5,,x,,,,,,,,,
1050,POST,ALIGNMENT,20231113_Octane121429.txt,FALSE,c.ferrigno,5,,x,,,,,,,,,
1051,POST,ALIGNMENT,NFS_SelfDiagnosticsMapper_UPDATE.txt,TRUE,asmita.kulkarni,2,,x,,,,,,,,,
1052,POST,ALIGNMENT,20231114_Permission_INC3439345.txt,FALSE,niso.cassiano,2,,x,,,,,,,,,
1053,POST,ALIGNMENT,20231129_INC3407812.txt,TRUE,shravani.khaparkar,5,,x,,,,,,,,,
1054,POST,ALIGNMENT,NFS_SelfDiagnosticsMapper_UPDATE.txt,TRUE,asmita.kulkarni,5,,x,,,,,,,,,
1055,POST,ALIGNMENT,20231129_INC3407818.txt,TRUE,giancarlo.h.canillas,5,,x,,,,,,,,,
1056,POST,ALIGNMENT,20231115_INC3475019.txt,FALSE,c.ferrigno,5,,x,,,,,,,,,
1057,POST,ALIGNMENT,20231115_INC3475019_CustomMetadata.txt,FALSE,c.ferrigno,5,,x,,,,,,,,,
1058,POST,ALIGNMENT,20231115_INC3475019_Rollback.txt,FALSE,c.ferrigno,5,,x,,,,,,,,,
1059,POST,ALIGNMENT,20231115_INC3475019_CustomMetadata_Rollback.txt,FALSE,c.ferrigno,5,,x,,,,,,,,,
1060,POST,ALIGNMENT,catalog_dimension.txt,TRUE,CANVASS,5,,x,,,,,,,,,
1061,POST,ALIGNMENT,Attributi_bb_16_11.txt,TRUE,CANVASS,5,,x,,,,,,,,,
1062,POST,ALIGNMENT,Catalog_16_11.txt,TRUE,CANVASS,5,,x,,,,,,,,,
1063,POST,ALIGNMENT,Mapping_npp_16_11.txt,TRUE,CANVASS,5,,x,,,,,,,,,
1064,POST,ALIGNMENT,20231116_DataLoader_LovBL316.txt,TRUE,sabrina.spada,90,,x,,,,,,,,,
1065,POST,ALIGNMENT,2023_11_17_PINC4_Promo_start_date_01_12.txt,TRUE,salvatore.caroprese,5,,x,,,,,,,,,
1066,POST,ALIGNMENT,20231120_SCTASK1800209.txt,FALSE,c.ferrigno,5,,x,,,,,,,,,
1067,POST,ALIGNMENT,20231129_121553.txt,TRUE,giancarlo.h.canillas,5,,x,,,,,,,,,
1068,POST,ALIGNMENT,20231121_NFS_R4.3_Masking.txt,FALSE,francesco.degaetano,5,,x,,,,,,,,,
1069,POST,ALIGNMENT,Delete_Catalog_29_11.txt,FALSE,CANVASS,5,,x,,,,,,,,,
1070,POST,ALIGNMENT,Catalog_29_11.txt,TRUE,CANVASS,5,,x,,,,,,,,,
1071,POST,ALIGNMENT,modify_ple.txt,FALSE,CANVASS,5,,x,,,,,,,,,
1072,POST,ALIGNMENT,20231129_01_VARIOUS.txt,TRUE,ACN,120,,x,,,,,,,,,
1073,POST,ALIGNMENT,20231129_02_CSV.txt,TRUE,ACN,180,,x,,,,,,,,,
1074,POST,ALIGNMENT,Mapping_npp_29_11.txt,TRUE,ACN,5,,x,,,,,,,,,
1075,POST,UAT,20240111_ActivateOmniscript_BlueBird_NormalizzaIndirizzo.txt,FALSE,saket.vilas.kolte,5,,,x,,,,,,,,
1076,POST,UAT,20240119_Compl100TVR3_WS.txt,TRUE,saket.vilas.kolte,5,,,x,,,,,,,,
1077,POST,ALIGNMENT,20230111_INC3511725.txt,FALSE,anmol.a.saxena,5,x,,,,,,,,,,
1078,POST,ALIGNMENT,20240111_01_VARIOUS.txt,TRUE,ACN,10,x,,,,,,,,,,x
1079,POST,ALIGNMENT,Delete_PromoItem.txt,FALSE,CANVASS,5,x,,,,,,,,,,
1080,POST,UAT,20240122_ActivateOmniscript_Portale_Sky300_Italian.txt,FALSE,sabrina.spada,5,,,x,,,,,,,,
1081,POST,UAT,20240122_Compl100TVR3_WS.txt,TRUE,saket.vilas.kolte,5,,,x,,,,,,,,
1082,POST,UAT,20240124_DeleteRecord_SkyExpertDashboard.txt,FALSE,sabrina.spada,5,,,x,,,,,,,,
1083,POST,UAT,DataLoader_CustomSetting_TA_TriggerSupport_Drop3.txt,TRUE,antonio.vatrano,5,,,x,,,,,,,,
1084,POST,ALIGNMENT,20231121_SIM_Field_FLS.txt,FALSE,simran.sunil,5,,,,,x,,,,,,
1085,POST,ALIGNMENT,20231127_Create_DETTAGLIFAKE_TAB_Federico.txt,FALSE,simran.sunil,5,,,,,x,,,,,,
1086,POST,ALIGNMENT,20231127_FedericoDrop3_ApexClassAssignment.txt,FALSE,simran.sunil,5,,,,,x,,,,,,
1087,POST,ALIGNMENT,20231127_FedericoDrop3_VfPageAssignment.txt,FALSE,simran.sunil,5,,,,,x,,,,,,
1088,POST,ALIGNMENT,20231130_EnableProfileAccess.txt,FALSE,sabrina.spada,20,,,,,x,,,,,,
1089,POST,ALIGNMENT,20231201_BL316INC_UpdateEscalationLOV.txt,TRUE,sabrina.spada,10,,,,,x,,,,,,
1090,POST,ALIGNMENT,20231201_UpdateCustomLabel_BBAssuranceCustomPermissions.txt,FALSE,sabrina.spada,5,,,,,x,,,,,,
1091,POST,ALIGNMENT,2023_12_5_OCTANE_121718.txt,TRUE,francesco.degaetano,5,,,,,x,,,,,,
1092,POST,ALIGNMENT,20231213_MP_ResubmitTool_defect-6.3.1.txt,FALSE,roberto.santoro,5,,,,,x,,,,,,
1093,POST,ALIGNMENT,2024.22.10_OCTANE_128076.txt,FALSE,shravani.khaparkar,20,,,,,x,,,,,,
1094,POST,ALIGNMENT,20240122_INC3431157.txt,TRUE,anmol.a.saxena,10,,,,,x,,,,,,
1095,POST,ALIGNMENT,20240118_MP_127189.txt,TRUE,c.ferrigno,5,,,,,x,,,,,,
1096,POST,ALIGNMENT,20240118_ActivateOmniscript_COMPL100_ManageSOAS_Returned_CeasedContract.txt,FALSE,sabrina.spada,5,,,,,x,,,,,,
1097,POST,ALIGNMENT,20240122_127182.txt,TRUE,shravani.khaparkar,5,,,,,x,,,,,,
1098,POST,ALIGNMENT,20240122_01_VARIOUS.txt,TRUE,ACN,25,,,,,x,,,,,,x
1099,POST,ALIGNMENT,20240122_02_CSV.txt,TRUE,ACN,25,,,,,x,,,,,,x
1381,POST,ALIGNMENT,20240129_Asset_OrderItem_FieldMapping_COMPL100.txt,FALSE,niso.cassiano,5,,,,,x,,,,,,
1382,POST,ALIGNMENT,20240130_01_VARIOUS.txt,TRUE,ACN,5,,,,,x,,,,,,
1383,POST,UAT,20240208_SkyStream_LOV_Insert.txt,TRUE,vinay.b.kumar.verma,5,,,x,,,,,,,,
1384,POST,UAT,20240208_RepricingNFS_UpdateLOV.txt,TRUE,sabrina.spada,5,,,x,,,,,,,,
1385,POST,UAT,DataLoader_LOV_09022024_BL316.txt,TRUE,antonio.vatrano,5,,,x,,,,,,,,
1386,POST,UAT,DataLoader_LOV_09022024_Deactivate.txt,TRUE,antonio.vatrano,5,,,x,,,,,,,,
1387,POST,UAT,20240209_P&PConsensi_Drop1_FLS.txt,FALSE,saket.vilas.kolte,5,,,x,,,,,,,,
1388,POST,ALIGNMENT,20240207_128209_MP.txt,FALSE,giuseppe.bonura,5,x,,,,,,,,,,
1393,POST,ALIGNMENT,20240207_01_VARIOUS.txt,TRUE,ACN,5,x,,,,,,,,,,x
1394,POST,UAT,20240208_SkyStream_LOV_Update.txt,TRUE,vinay.b.kumar.verma,5,,,x,,,,,,,,
1395,POST,UAT,20240214_LOVSkyStream_Tracking_1.txt,TRUE,vinay.b.kumar.verma,10,,,x,,,,,,,,
1396,POST,UAT,20240214_LOVSkyStream_Tracking_2.txt,TRUE,vinay.b.kumar.verma,10,,,x,,,,,,,,
1397,POST,UAT,20240214_LOVSkyStream_Tracking_3.txt,TRUE,vinay.b.kumar.verma,5,,,x,,,,,,,,
1398,POST,UAT,20240214_LOVSkyStream_Tracking_4.txt,TRUE,vinay.b.kumar.verma,5,,,x,,,,,,,,
1399,POST,UAT,20240214_LOVSkyStream_Tracking_5.txt,TRUE,vinay.b.kumar.verma,5,,,x,,,,,,,,
1400,POST,UAT,20240219_FreeVision_MP_Reactivate_OS.txt,FALSE,vinay.b.kumar.verma,5,,,x,,,,,,,,
1401,POST,UAT,DataLoader_20240220_Upsert_LOV_SKY869.txt,TRUE,niso.cassiano,5,,,x,,,,,,,,
1402,POST,UAT,20240220_FreeVision_MP_Reactivate_OS.txt,FALSE,vinay.b.kumar.verma,5,,,x,,,,,,,,
1403,POST,UAT,DataLoader_20240220_Upsert_LOV.txt,TRUE,niso.cassiano,5,,,x,,,,,,,,
1404,POST,UAT,20240221_UpdateLov_SKY869.txt,TRUE,sabrina.spada,5,,,x,,,,,,,,
1405,POST,UAT,20240222_FreeVision_MP_Reactivate_OS.txt,FALSE,vinay.b.kumar.verma,5,,,x,,,,,,,,
1406,POST,UAT,20240223_DataLoader_Insert_SkyStreamCaseManagement.txt,TRUE,sabrina.spada,5,,,x,,,,,,,,
1407,POST,UAT,20240223_DataLoader_Update_SkyStream_UnhappyDelivery.txt,TRUE,sabrina.spada,5,,,x,,,,,,,,
1408,POST,UAT,20240227_FreeVision_MP_Reactivate_OS.txt,FALSE,vinay.b.kumar.verma,5,,,x,,,,,,,,
1409,POST,UAT,20240228_CR61_Activation_OS_MP.txt,FALSE,simran.sunil,5,,,x,,,,,,,,
1410,POST,UAT,20240229_CR61_Activation_OS_MP.txt,FALSE,simran.sunil,5,,,x,,,,,,,,
1411,POST,UAT,20240304_CR61_Activation_OS_MP.txt,FALSE,p.tarachand.shende,5,,,x,,,,,,,,
1412,POST,UAT,20240306_CR61_Activation_OS_MP.txt,FALSE,simran.sunil,5,,,x,,,,,,,,
1413,POST,UAT,20240308_CR61_Activation_OS_MP.txt,FALSE,p.tarachand.shende,5,,,x,,,,,,,,
1414,POST,UAT,20240308_P&PConsensi_Drop1_FLS.txt,FALSE,saket.vilas.kolte,5,,,x,,,,,,,,
1415,POST,UAT,20240311_P&PConsensi_Drop1_IndCreatePermission.txt,FALSE,saket.vilas.kolte,5,,,x,,,,,,,,
1416,POST,UAT,20240312_P&PConsensi_Drop1_IndCreatePermission.txt,FALSE,saket.vilas.kolte,5,,,x,,,,,,,,
1417,POST,UAT,20240318_Escalation_SWAT_TEAM_TEC_RT_Creation.txt,FALSE,harshita.a.agarwal,5,,,x,,,,,,,,
1418,POST,UAT,20240318_Escalation_LayoutButtons_ApexClassProfileAccess.txt,FALSE,harshita.a.agarwal,5,,,x,,,,,,,,
1419,POST,UAT,20240318_Escalation_LayoutButtons_vfPageAssignment.txt,FALSE,harshita.a.agarwal,5,,,x,,,,,,,,
1420,POST,UAT,20240318_DynamicFormConfig_Insert_EscBO.txt,TRUE,vinay.b.kumar.verma,5,,,x,,,,,,,,
1421,POST,UAT,20240318_Escalation_Fields_FLS.txt,FALSE,harshita.a.agarwal,5,,,x,,,,,,,,
1422,POST,UAT,20240318_DynamicFormEscalation_FLS.txt,FALSE,harshita.a.agarwal,5,,,x,,,,,,,,
1423,POST,UAT,20240318_DynamicForm_Escalation_RecordType.txt,FALSE,harshita.a.agarwal,5,,,x,,,,,,,,
1424,POST,UAT,20240318_Escalation_SWAT_TEAM_TEC_RecordType.txt,FALSE,p.tarachand.shende,5,,,x,,,,,,,,
1425,POST,UAT,20240319_INSERT_ESCALATION_BO_Drop1_LOV.txt,TRUE,p.tarachand.shende,10,,,x,,,,,,,,
1426,POST,UAT,20240319_P&PConsensi_Drop1_CPTC_CRUDPermission.txt,FALSE,saket.vilas.kolte,5,,,x,,,,,,,,
1427,POST,UAT,20240319_Escalation_Field_FLS.txt,FALSE,harshita.a.agarwal,5,,,x,,,,,,,,
1428,POST,UAT,20240320_DynamicEscalationForm_vfPageAssignment.txt,FALSE,vinay.b.kumar.verma,5,,,x,,,,,,,,
1429,POST,ALIGNMENT,20240311_ INC3395763.txt,FALSE,giancarlo.h.canillas,5,,,,,x,,,,,,
1430,POST,ALIGNMENT,20240304_MP_130456.txt,TRUE,c.ferrigno,5,,,,,x,,,,,,
1431,POST,ALIGNMENT,Insert_VLC_RLS_ple_Product.txt,TRUE,sarah.ricci,5,,x,,,x,,,,,,
1432,POST,ALIGNMENT,Reactivate_product_ple.txt,TRUE,sarah.ricci,5,,x,,,x,,,,,,
1433,POST,ALIGNMENT,20240305_Dataloader_SKY860_Upsert.txt,TRUE,saket.vilas.kolte,5,,,,,x,,,,,,
1434,POST,ALIGNMENT,20240306_MP_129476.txt,FALSE,c.ferrigno,5,,,,,x,,,,,,
1435,POST,ALIGNMENT,20240307_ActivateOmniscript_BlueBird_NormalizzaIndirizzo.txt,FALSE,saket.vilas.kolte,5,,,,,x,,,,,,
1436,POST,ALIGNMENT,20240307_MP_130501.txt,FALSE,c.ferrigno,5,,,,,x,,,,,,
1437,POST,ALIGNMENT,07032024_DemaskingNFS.txt,FALSE,niso.cassiano,5,,,,,x,,,,,,
1438,POST,ALIGNMENT,20240311_01_VARIOUS.txt,TRUE,ACN,20,,,,,x,,,,,,x
1439,POST,ALIGNMENT,20240311_02_CSV.txt,TRUE,ACN,20,,,,,x,,,,,,x
1440,POST,UAT,20240321_UPDATE_ESCALATION_BO_Drop1_LOV.txt,TRUE,p.tarachand.shende,10,,,x,,,,,,,,
1441,POST,UAT,20240321_DynamicFormConfig_Insert_EscBO.txt,TRUE,vinay.b.kumar.verma,5,,,x,,,,,,,,
1442,POST,UAT,20240321_EscalationObject_PageLayoutAssignment.txt,FALSE,harshita.a.agarwal,5,,,x,,,,,,,,
1443,POST,UAT,20240322_CR47_LOV_Update.txt,TRUE,simran.sunil,5,,,x,,,,,,,,
1444,POST,UAT,20240322_CR47_Activation_OS_MP.txt,FALSE,simran.sunil,5,,,x,,,,,,,,
1445,POST,UAT,20240322_PendingRequest_RecordType.txt,FALSE,simran.sunil,5,,,x,,,,,,,,
1446,POST,UAT,20240322_EscBO_LOV_Update.txt,TRUE,vinay.b.kumar.verma,5,,,x,,,,,,,,
1447,POST,UAT,20240325_DataLoader_UpdateLOV_EscalationDraft_Drop1.txt,TRUE,sabrina.spada,5,,,x,,,,,,,,
1448,POST,UAT,20240405_CR_47_Activation_OS_MP.txt,FALSE,simran.sunil,5,,,x,,,,,,,,
1449,POST,UAT,20240506_ConsensiDrop2_TibcoNamedCredential.txt,FALSE,sabrina.spada,5,,,x,,,,,,,,
1450,PRE,UAT,20240509_MP_OM_Secured_NamedCredential.txt,FALSE,niso.cassiano,5,,,x,,,,,,,,
1450,POST,UAT,20240509_MP_OM_Secured_NamedCredential2.txt,FALSE,niso.cassiano,5,,,x,,,,,,,,
1451,POST,UAT,20240509_DowngradeRule_MP_Reactivate_OS.txt,FALSE,vinay.b.kumar.verma,5,,,x,,,,,,,,
1452,POST,UAT,20240404_UPSERT_ESCALATION_BO_DROP2_LOV_CASE_MANAGMENT.txt,TRUE,p.tarachand.shende,5,,,x,,,,,,,,
1453,POST,UAT,20240404_UPSERT_ESCALATION_BO_ESCALATION_CASE_MANAGMENT_Drop2_LOV.txt,TRUE,p.tarachand.shende,5,,,x,,,,,,,,
1454,POST,UAT,20240404_UPSERT_ESCALATION_BO_DB_Mdc_Drop2_LOV.txt,TRUE,p.tarachand.shende,5,,,x,,,,,,,,
1455,POST,UAT,20240513_List_Of_values__c_O040.txt,TRUE,harshita.a.agarwal,5,,,x,,,,,,,,
1456,POST,UAT,20240513_List_Of_Values__c_041_2.txt,TRUE,harshita.a.agarwal,5,,,x,,,,,,,,
1457,POST,UAT,20240513_List_Of_Values__c_020.txt,TRUE,harshita.a.agarwal,5,,,x,,,,,,,,
1458,POST,UAT,20240513_List_Of_Values__c_041.txt,TRUE,harshita.a.agarwal,5,,,x,,,,,,,,
1459,POST,UAT,20240514_DowngradeRule_MP_Reactivate_OS.txt,FALSE,vinay.b.kumar.verma,5,,,x,,,,,,,,
1460,POST,UAT,20240516_SkyStreamEscalationCR_AddValueToPicklist.txt,FALSE,sabrina.spada,5,,,x,,,,,,,,
1461,PRE,UAT,20240517_ServiceMax_VFPage_PreStep.txt,FALSE,simran.sunil,10,,,x,,,,,,,,
1462,POST,UAT,20240517_Remove_ServiceMax_Setup_Link.txt,FALSE,simran.sunil,5,,,x,,,,,,,,
1463,POST,UAT,20240517_Remove_ServiceMax_Standard_Platform_PermissionSet.txt,FALSE,simran.sunil,15,,,x,,,,,,,,
1464,POST,UAT,20240517_DeleteCustomField_ServiceMax.txt,FALSE,simran.sunil,10,,,x,,,,,,,,
1465,POST,UAT,20240517_DeleteReportsAndDoc_ServiceMax.txt,FALSE,simran.sunil,5,,,x,,,,,,,,
1466,POST,UAT,20240517_DeleteCustomLink_Booking_Windows_Home.txt,FALSE,simran.sunil,5,,,x,,,,,,,,
1467,POST,UAT,20240517_ServiceMax_EmailTemplate.txt,FALSE,simran.sunil,5,,,x,,,,,,,,
1468,POST,UAT,20240517_DeleteFlow_ServiceMax.txt,FALSE,simran.sunil,5,,,x,,,,,,,,
1469,POST,UAT,20240517_DowngradeRule_MP_Reactivate_OS.txt,FALSE,vinay.b.kumar.verma,5,,,x,,,,,,,,
1470,POST,UAT,20240520_Escalation_TechnologyFieldRTassignment.txt,FALSE,harshita.a.agarwal,5,,,x,,,,,,,,
1471,POST,ALIGNMENT,Insert_VLC_RLS_ple_Product.txt,TRUE,ACN,5,,x,,,,,,,,,
1472,POST,ALIGNMENT,Reactivate_product_ple.txt,TRUE,ACN,5,,x,,,,,,,,,
1473,POST,ALIGNMENT,Dataloader_BL316_Deactive_Cat.txt,TRUE,niso.cassiano,5,,x,,,,,,,,,
1474,POST,UAT,20240521_ServiceMax_EmailTemplate_EmailAlert.txt,FALSE,simran.sunil,5,,,x,,,,,,,,
1475,POST,UAT,20240521_Hard_DeleteCustomField_ServiceMax.txt,FALSE,simran.sunil,5,,,x,,,,,,,,
1476,POST,UAT,20240521_Remove_ServiceMax_ServiceMax_Standard_Community_PermissionSet.txt,FALSE,simran.sunil,5,,,x,,,,,,,,
1480,POST,ALIGNMENT,Dataloader_BL316_IsProblemCase.txt,TRUE,niso.cassiano,5,,x,,,,,,,,,
1481,POST,ALIGNMENT,Dataloader_BL316_Cat_NoIsProblemCase.txt,TRUE,niso.cassiano,5,,x,,,,,,,,,
1482,POST,ALIGNMENT,20240304_P&PConsensi_Drop1_FLS.txt,FALSE,saket.vilas.kolte,5,,x,,,,,,,,,
1483,POST,ALIGNMENT,20240304_DataLoader_Update_SkyStream_UnhappyDelivery.txt,TRUE,sabrina.spada,5,,x,,,,,,,,,
1484,POST,ALIGNMENT,20240304_DataLoader_Insert_SkyStreamCaseManagement.txt,TRUE,sabrina.spada,5,,x,,,,,,,,,
1485,POST,ALIGNMENT,20240306_FreeVision_MP_Reactivate_OS.txt,FALSE,vinay.b.kumar.verma,5,,x,,,,,,,,,
1486,POST,ALIGNMENT,Dataloader_TriggerSupportWave3_20240306.txt,TRUE,niso.cassiano,5,,x,,,,,,,,,
1487,POST,ALIGNMENT,20240306_AddressRegex_MP_OS.txt,FALSE,giuseppe.bonura,5,,x,,,,,,,,,
1500,POST,ALIGNMENT,20240311_Dataloader_LOV_UPSERT_Compl100_R3.txt,TRUE,saket.vilas.kolte,5,,x,,,,,,,,,
1504,POST,ALIGNMENT,20240321_CR61_LOV_Update.txt,TRUE,simran.sunil,5,,x,,,,,,,,,
1505,POST,ALIGNMENT,20240321_CR61_Activation_OS_MP.txt,FALSE,simran.sunil,5,,x,,,,,,,,,
1506,POST,ALIGNMENT,20240321_MP_INC3778186.txt,TRUE,c.ferrigno,5,,x,,,,,,,,,
1507,POST,ALIGNMENT,20240410_AddressRegex_MP_OS.txt,FALSE,g.bonura,5,,,,,x,,,,,,
1508,POST,ALIGNMENT,20240325_MP_129686.txt,FALSE,c.ferrigno,5,,,,,x,,,,,,
1509,POST,ALIGNMENT,20240410_MP_130656.txt,TRUE,a.cr.sharma,10,,,,,x,,,,,,
1510,POST,ALIGNMENT,20240327_MP_INC3778186.txt,TRUE,c.ferrigno,5,,x,,,,,,,,,
1511,POST,ALIGNMENT,20240326_MP_130656.txt,TRUE,c.ferrigno,5,,,,,x,,,,,,
1512,POST,ALIGNMENT,20240329_Escalation_Fields_FLS.txt,FALSE,simran.sunil,5,,x,,,,,,,,,
1513,POST,ALIGNMENT,20240329_DynamicFormEscalation_FLS.txt,FALSE,simran.sunil,5,,x,,,,,,,,,
1514,POST,ALIGNMENT,20240329_DynamicForm_Escalation_RecordType.txt,FALSE,simran.sunil,5,,x,,,,,,,,,
1515,POST,ALIGNMENT,20240329_Escalation_LayoutButtons_ApexClassProfileAccess.txt,FALSE,simran.sunil,5,,x,,,,,,,,,
1516,POST,ALIGNMENT,20240329_Escalation_LayoutButtons_vfPageAssignment.txt,FALSE,simran.sunil,5,,x,,,,,,,,,
1517,POST,ALIGNMENT,20240329_Escalation_SWAT_TEAM_TEC_RT_Creation.txt,FALSE,simran.sunil,5,,x,,,,,,,,,
1518,POST,ALIGNMENT,20240329_INSERT_ESCALATION_BO_Drop1_LOV.txt,TRUE,p.tarachand.shende,10,,x,,,,,,,,,
1519,POST,ALIGNMENT,20240329_Platform_Cache_EscalationDraft_Drop1.txt,FALSE,p.tarachand.shende,5,,x,,,,,,,,,
1520,POST,ALIGNMENT,20240329_DataLoader_EscalationDrop1_Insert_DynamicFormConfig.txt,TRUE,sabrina.spada,5,,x,,,,,,,,,
1521,POST,ALIGNMENT,20240404_EscalationObject_PageLayoutAssignment.txt,FALSE,vinay.b.kumar.verma,10,,x,,,,,,,,,
1522,POST,ALIGNMENT,20240405_EnableDrop3TV_Compl100.txt,FALSE,riccardo.dangelo,5,,x,,,,,,,,,
1523,POST,ALIGNMENT,20240405_CR47_LOV_Update.txt,TRUE,simran.sunil,5,,x,,,,,,,,,
1525,POST,ALIGNMENT,20240405_PendingRequest_RecordType.txt,FALSE,simran.sunil,5,,x,,,,,,,,,
1526,POST,ALIGNMENT,20240408_CR47_LOV_Update.txt,TRUE,simran.sunil,5,,x,,,,,,,,,
1527,POST,ALIGNMENT,20240408_CR_47_Activation_OS_MP.txt,FALSE,simran.sunil,5,,x,,,,,,,,,
1528,POST,ALIGNMENT,20240404_ActivateOmniscript_BlueBird_ModificaIndirizzo.txt,FALSE,saket.vilas.kolte,5,,,,,x,,,,,,
1529,POST,ALIGNMENT,20240408_LOV_UPSERT_OCATNE.txt,TRUE,simran.sunil,5,,x,,,,,,,,,
1530,POST,ALIGNMENT,20240410_01_VARIOUS.txt,TRUE,ACN,10,,,,,x,,,,,,
1531,POST,ALIGNMENT,20240410_02_CSV.txt,TRUE,ACN,15,,,,,x,,,,,,
1532,POST,ALIGNMENT,20240409_DataLoader_EscalationDrop1_Upsert_DynamicFormConfig.txt,TRUE,sabrina.spada,5,,x,,,,,,,,,
1533,POST,ALIGNMENT,20240410_EscalationObject_ListViewUpdate.txt,FALSE,vinay.b.kumar.verma,5,,x,,,,,,,,,
1534,POST,ALIGNMENT,20240412_Asset_OrderItem_StatoMatricolaOld_FieldMapping_COMPL100.txt,FALSE,riccard.dangelo,5,,x,,,,,,,,,
1535,POST,ALIGNMENT,20240412_DeactivateActivateOS_COMPL100.txt,FALSE,riccard.dangelo,5,,x,,,,,,,,,
1536,POST,ALIGNMENT,DataLoader_20240416_Upsert_SWAP_STREAM_LOV.txt,TRUE,niso.cassiano,5,,x,,,,,,,,,
1537,POST,ALIGNMENT,20240418_CR_47_Activation_OS_MP.txt,FALSE,asmita.kulkarni,5,,x,,,,,,,,,
1538,POST,ALIGNMENT,20240419_MP_INC3797269.txt,FALSE,giuseppe.bonura,5,,x,,,,,,,,,
1539,POST,ALIGNMENT,20240422_Escalation_TechnologyRTassignment.txt,FALSE,vinay.b.kumar.verma,5,,x,,,,,,,,,
1540,POST,ALIGNMENT,20240422_DataLoader_EscalationDrop1_DeactivateLOV.txt,TRUE,sabrina.spada,5,,x,,,,,,,,,
1541,POST,ALIGNMENT,2024.05.07_MP_REV5569.txt,TRUE,paolo.manzone,5,,x,,,,,,,,,
1542,POST,ALIGNMENT,20240424_DataLoader_Upsert_SkyStream_UnhappyDelivery.txt,TRUE,sabrina.spada,5,,x,,,,,,,,,
1543,POST,ALIGNMENT,20240424_DataLoader_Insert_SkyStreamCaseManagement.txt,TRUE,sabrina.spada,5,,x,,,,,,,,,
1544,POST,ALIGNMENT,20240424_Dataloader_BL316_Prod_1.txt,TRUE,niso.cassiano,5,,x,,,,,,,,,
1545,POST,ALIGNMENT,20240424_Dataloader_BL316_Prod_2.txt,TRUE,niso.cassiano,5,,x,,,,,,,,,
1546,POST,ALIGNMENT,20240424_Dataloader_BL316_Prod_3.txt,TRUE,niso.cassiano,5,,x,,,,,,,,,
1547,POST,ALIGNMENT,20240424_Dataloader_BL316_Prod_4.txt,TRUE,niso.cassiano,5,,x,,,,,,,,,
1548,POST,ALIGNMENT,20240412_DeactivateActivateOS.txt,FALSE,niso.cassiano,5,,x,,,,,,,,,
1549,POST,ALIGNMENT,20240507_01_VARIOUS.txt,TRUE,ACN,130,,x,,,,,,,,,x
1550,POST,ALIGNMENT,20240507_02_CSV.txt,TRUE,ACN,60,,x,,,,,,,,,x
1551,POST,ALIGNMENT,20240521_Remove_ServiceMax_Standard_PermissionSet.txt,FALSE,simran.sunil,5,,,x,,,,,,,,
1552,POST,UAT,20240522_DowngradeRule_MP_Reactivate_OS.txt,FALSE,vinay.b.kumar.verma,5,,,x,,,,,,,,
1553,POST,UAT,20240522_DowngradeRule_MP_Reactivate_OS_2.txt,FALSE,vinay.b.kumar.verma,5,,,x,,,,,,,,
1554,PRE,UAT,20240523_Promotion_Hub6_Drop1_RT.txt,FALSE,p.tarachand.shende,5,,,x,,,,,,,,
1555,POST,UAT,20240523_DowngradeRule_MP_Reactivate_OS.txt,FALSE,vinay.b.kumar.verma,5,,,x,,,,,,,,
1556,POST,UAT,Update_caseManagmentUnhappy__c_FW_New_reason_code.txt,TRUE,riccardo.dangelo,5,,,x,,,,,,,,
1557,POST,ALIGNMENT,20240507_DeactivateActivateOS.txt,FALSE,niso.cassiano,5,,x,,,,,,,,,
1558,POST,ALIGNMENT,20240514_MP_132154.txt,FALSE,giuseppe.bonura,5,,x,,,,,,,,,
1559,POST,ALIGNMENT,Dataloader_20240514_LOV_Deactive_SKY386.txt,TRUE,niso.cassiano,5,,x,,,,,,,,,
1560,PRE,ALIGNMENT,MP_Deactivate_WFR_JR_Reassigned.txt,FALSE,niso.cassiano,5,,x,,,,,,,,,x
1561,POST,ALIGNMENT,MP_Aactivate_Flow_JR_Reassigned.txt,FALSE,niso.cassiano,5,,x,,,,,,,,,
1562,POST,ALIGNMENT,20240514_01_VARIOUS.txt,TRUE,ACN,10,,x,,,,,,,,,x
1563,POST,ALIGNMENT,20240514_02_CSV.txt,TRUE,ACN,10,,x,,,,,,,,,x
1565,POST,UAT,Insert_caseManagmentUnhappy__c_FW_New_reason_code.txt,TRUE,riccardo.dangelo,5,,,x,,,,,,,,
1566,POST,UAT,20240524_DowngradeRule_MP_Reactivate_OS.txt,FALSE,vinay.b.kumar.verma,5,,,x,,,,,,,,
1567,POST,UAT,20240524_DowngradeRule_MP_Reactivate_OS_2.txt,FALSE,vinay.b.kumar.verma,5,,,x,,,,,,,,
1568,POST,UAT,20240527_DowngradeRule_MP_Reactivate_OS.txt,FALSE,vinay.b.kumar.verma,5,,,x,,,,,,,,
1569,POST,UAT,20240527_DeleteServiceMaxApp.txt,FALSE,simran.sunil,15,,,x,,,,,,,,
1570,PRE,UAT,20240528_Delete_Rilascio_FULL_ARCADIA_vs_FULLPRJ_package_ServiceMax.txt,FALSE,simran.sunil,5,,,x,,,,,,,,
1571,POST,UAT,20240528_DowngradeRule_MP_Reactivate_OS.txt,FALSE,vinay.b.kumar.verma,5,,,x,,,,,,,,
1572,POST,UAT,20240529_4.2.3_UPSERT_ESCALATION_BO_Drop2_LOV_1.txt,TRUE,p.tarachand.shende,5,,,x,,,,,,,,
1573,POST,UAT,20240529_4.2.3_UPSERT_ESCALATION_BO_Drop2_LOV_2.txt,TRUE,p.tarachand.shende,5,,,x,,,,,,,,
1574,POST,UAT,20240529_4.2.3_UPSERT_ESCALATION_BO_Drop2_LOV_3.txt,TRUE,p.tarachand.shende,5,,,x,,,,,,,,
1575,POST,UAT,20240529_4.2.3_UPSERT_ESCALATION_BO_Drop2_LOV_4.txt,TRUE,p.tarachand.shende,5,,,x,,,,,,,,
1576,POST,UAT,20240529_4.2.3_UPSERT_ESCALATION_BO_Drop2_LOV_5.txt,TRUE,p.tarachand.shende,5,,,x,,,,,,,,
1577,POST,UAT,20240529_4.2.3_UPSERT_ESCALATION_BO_Drop2_LOV_6.txt,TRUE,p.tarachand.shende,5,,,x,,,,,,,,
1578,POST,UAT,20240529_4.2.3_UPSERT_ESCALATION_BO_Drop2_LOV_7.txt,TRUE,p.tarachand.shende,5,,,x,,,,,,,,
1579,POST,UAT,20240529_4.2.3_UPSERT_ESCALATION_BO_Drop2_LOV_8.txt,TRUE,p.tarachand.shende,5,,,x,,,,,,,,
1587,POST,ALIGNMENT,MP_FlexCardPermission_SRC.txt,FALSE,niso.cassiano,5,x,,,,,,,,,,x
1588,POST,ALIGNMENT,MP_Flow_JR_Reassigned.txt,FALSE,niso.cassiano,10,x,,,,,,,,,,x
1589,PRE,ALIGNMENT,MP_Flow_JR_Reassigned_PRE.txt,FALSE,niso.cassiano,10,x,,,,,,,,,,x
1590,POST,ALIGNMENT,20240530_SkyStreamEscalationCR_AddValueToPicklist.txt,FALSE,sabrina.spada,5,x,,,,,,,,,,
1591,POST,UAT,20240703_Flow_Activation_Drop3.txt,FALSE,p.tarachand.shende,5,,,x,,,,,,,,
1592,POST,UAT,20240703_Flow_Activation_Drop3.txt,FALSE,p.tarachand.shende,5,,,x,,,,,,,,
1593,POST,UAT,20240628SkyStreamMVP_ListOf_Values_CancPEC_update.txt,TRUE,vinay.b.kumar.verma,5,,,x,,,,,,,,
1594,POST,UAT,20240628SkyStreamMVP_ListOf_Values_Id5_update.txt,TRUE,vinay.b.kumar.verma,5,,,x,,,,,,,,
1595,POST,UAT,20240621SkyStreamMVP_ListOf_Values_update.txt,TRUE,vinay.b.kumar.verma,5,,,x,,,,,,,,
1596,POST,UAT,20240708_SkyStreamMVP_Reactivate_OS.txt,FALSE,vinay.b.kumar.verma,5,,,x,,,,,,,,
1599,POST,UAT,20240709_Flow_Activation_Drop3.txt,FALSE,p.tarachand.shende,5,,,x,,,,,,,,
1599,POST,UAT,20240710_Flow_Activation_Drop3.txt,FALSE,p.tarachand.shende,5,,,x,,,,,,,,
1600,POST,UAT,20240710_SkyStreamMVP_Reactivate_OS.txt,FALSE,vinay.b.kumar.verma,5,,,x,,,,,,,,
1600,POST,ALIGNMENT,20240710_MP_Activate_Omniscript_131683.txt,FALSE,g.bonura,5,,,,,,,,,,,x
1601,POST,ALIGNMENT,MP_Tibco_User_ConnApp_AM.txt,FALSE,niso.cassiano,5,,,,,,,,,,,
1602,POST,ALIGNMENT,MP_Tibco_User_ConnApp_PT.txt,FALSE,niso.cassiano,5,,,,,,,,,,,
1603,POST,ALIGNMENT,MP_Tibco_User_ConnApp_ST.txt,FALSE,niso.cassiano,5,,,,,x,,,,,,
1604,POST,ALIGNMENT,20242705_MP_OM_Secured_NamedCredential_AM.txt,FALSE,niso.cassiano,5,,,,,,,,,,,
1605,POST,ALIGNMENT,20242705_MP_OM_Secured_NamedCredential_PT.txt,FALSE,niso.cassiano,5,,,,,,,,,,,
1606,POST,ALIGNMENT,20242705_MP_OM_Secured_NamedCredential_ST.txt,FALSE,niso.cassiano,5,,,,,x,,,,,,
1607,POST,ALIGNMENT,20240527_ConsensiDrop2_TibcoNamedCredential_AM.txt,FALSE,niso.cassiano,5,,,,,,,,,,,
1608,POST,ALIGNMENT,20240527_ConsensiDrop2_TibcoNamedCredential_PT.txt,FALSE,niso.cassiano,5,,,,,,,,,,,
1609,POST,ALIGNMENT,20240527_ConsensiDrop2_TibcoNamedCredential_ST.txt,FALSE,niso.cassiano,5,,,,,x,,,,,,
1610,POST,UAT,20240715_Recommitment_Fee_Reprice_NewPicklist_Item.txt,FALSE,simran.sunil,5,,,x,,,,,,,,
1611,POST,UAT,20240715_Recommitment_Fee_Reprice_CreateOverrides.txt,FALSE,simran.sunil,10,,,x,,,,,,,,
1612,POST,UAT,20240716SkyStreamMVP_ListOf_Values_CancPEC_upsert.txt,TRUE,vinay.b.kumar.verma,5,,,x,,,,,,,,
1613,POST,UAT,20240719_SkyStreamMVP_Reactivate_OS.txt,FALSE,vinay.b.kumar.verma,10,,,x,,,,,,,,
1614,POST,UAT,20240723_SkyStreamMVP_Reactivate_OS.txt,FALSE,vinay.b.kumar.verma,10,,,x,,,,,,,,
1615,POST,UAT,20240723_SkyStreamMVP_Reactivate_OS_2.txt,FALSE,vinay.b.kumar.verma,5,,,x,,,,,,,,
1616,POST,UAT,20240724_SkyStreamMVP_Reactivate_OS.txt,FALSE,vinay.b.kumar.verma,5,,,x,,,,,,,,
1617,POST,UAT,20240725_NGDashboard_TabVisibility.txt,FALSE,saket.vilas.kolte,5,,,x,,,,,,,,
1618,POST,UAT,20240726_Reconnection_Online_Catalog_MP.txt,FALSE,simran.sunil,5,,,x,,,,,,,,
1619,POST,UAT,20240726_CaseField_FLS.txt,FALSE,saket.vilas.kolte,2,,,x,,,,,,,,
1620,POST,UAT,20240807_Reconnection_Online_Catalog_MP.txt,FALSE,simran.sunil,5,,,x,,,,,,,,
1620,POST,ALIGNMENT,20240412_DeactivateActivateOS_COMPL100.txt,FALSE,riccardo.dangelo,5,x,,,,,,,,,,x
1621,PRE,ALIGNMENT,20240405_PendingRequest_RecordType.txt,FALSE,simran.sunil,5,,x,,,,,,,,,
1622,POST,ALIGNMENT,20240523_SkyStreamEscalationCR_AddValueToPicklist.txt,FALSE,sabrina.spada,5,,x,,,,,,,,,
1623,POST,ALIGNMENT,MP_Assign_Tibco_User_ConnApp.txt,FALSE,niso.cassiano,10,,x,,,,,,,,,
1624,POST,ALIGNMENT,20242705_AssignPermissons_Tibco_User.txt,FALSE,niso.cassiano,10,,x,,,,,,,,,
1625,PRE,ALIGNMENT,20242705_MP_OM_Secured_NamedCredential_PRE.txt,FALSE,niso.cassiano,10,,x,,,,,,,,,
1626,POST,ALIGNMENT,20242705_MP_OM_Secured_NamedCredential_POST.txt,FALSE,niso.cassiano,10,,x,,,,,,,,,
1627,POST,ALIGNMENT,20242705_MP_SWITCH_ON_Wave3.txt,FALSE,niso.cassiano,10,,x,,,,,,,,,
1628,POST,ALIGNMENT,20240527_Dataloader_GLASS232_Upsert.txt,TRUE,saket.vilas.kolte,5,,x,,,,,,,,,
1629,POST,ALIGNMENT,20240527_Dataloader_SKY1009_Upsert.txt,TRUE,saket.vilas.kolte,5,,x,,,,,,,,,
1630,POST,ALIGNMENT,20240527_P&PConsensiDrop2_CPTC_FLS.txt,FALSE,saket.vilas.kolte,5,,x,,,,,,,,,
1631,POST,ALIGNMENT,20240527_P&PConsensiDrop2_MetadataRec_Delete.txt,FALSE,saket.vilas.kolte,5,,x,,,,,,,,,
1632,POST,ALIGNMENT,20240527_ConsensiDrop2_TibcoNamedCredential.txt,FALSE,saket.vilas.kolte,5,,x,,,,,,,,,
1633,POST,ALIGNMENT,20240527_4.2.3_UPSERT_ESCALATION_BO_Drop2_LOV_1.txt,TRUE,simran.sunil,5,,x,,,,,,,,,
1634,POST,ALIGNMENT,20240527_4.2.3_UPSERT_ESCALATION_BO_Drop2_LOV_2.txt,TRUE,simran.sunil,5,,x,,,,,,,,,
1635,POST,ALIGNMENT,20240527_4.2.3_UPSERT_ESCALATION_BO_Drop2_LOV_3.txt,TRUE,simran.sunil,5,,x,,,,,,,,,
1636,POST,ALIGNMENT,20240527_4.2.3_UPSERT_ESCALATION_BO_Drop2_LOV_4.txt,TRUE,simran.sunil,5,,x,,,,,,,,,
1637,POST,ALIGNMENT,20240527_4.2.3_UPSERT_ESCALATION_BO_Drop2_LOV_5.txt,TRUE,simran.sunil,5,,x,,,,,,,,,
1638,POST,ALIGNMENT,20240527_4.2.3_UPSERT_ESCALATION_BO_Drop2_LOV_6.txt,TRUE,simran.sunil,5,,x,,,,,,,,,
1639,POST,ALIGNMENT,20240527_4.2.3_UPSERT_ESCALATION_BO_Drop2_LOV_7.txt,TRUE,simran.sunil,5,,x,,,,,,,,,
1640,POST,ALIGNMENT,20240527_4.2.3_UPSERT_ESCALATION_BO_Drop2_LOV_8.txt,TRUE,simran.sunil,5,,x,,,,,,,,,
1641,PRE,ALIGNMENT,20240528_Promotion_Hub6_Drop1_RT.txt,FALSE,simran.sunil,5,,x,,,,,,,,,x
1642,POST,ALIGNMENT,20240528_UPSERT_ESCALATION_BO_DB_Mdc_Drop2_LOV.txt,TRUE,p.tarachand.shende,5,,x,,,,,,,,,
1643,POST,ALIGNMENT,20240528_UPSERT_ESCALATION_BO_DROP2_LOV_CASE_MANAGMENT.txt,TRUE,p.tarachand.shende,5,,x,,,,,,,,,
1644,POST,ALIGNMENT,20240528_UPSERT_ESCALATION_BO_ESCALATION_CASE_MANAGMENT_Drop2_LOV.txt,TRUE,p.tarachand.shende,5,,x,,,,,,,,,
1645,POST,ALIGNMENT,20242705MP_SWITCH_OFF_PB_WFR.txt,FALSE,niso.cassiano,5,,x,,,,,,,,,
1646,POST,ALIGNMENT,20242705_MP_ActivateOBJCallbackFlow.txt,FALSE,niso.cassiano,5,,x,,,,,,,,,
1647,POST,ALIGNMENT,20240528_SkyStreamEscalationCR_EditValueInPicklist.txt,FALSE,sabrina.spada,5,,x,,,,,,,,,
1648,POST,ALIGNMENT,20240528_Escalation_TechnologyFieldRTassignment.txt,FALSE,p.tarachand.shende,5,,x,,,,,,,,,
1649,POST,ALIGNMENT,20240529_DowngradeRule_MP_Reactivate_OS.txt,FALSE,vinay.b.kumar.verma,5,,x,,,,,,,,,
1650,POST,ALIGNMENT,20240530_Remove_ServiceMax_PermissionSet.txt,FALSE,simran.sunil,10,,,,,x,,,,,,
1651,POST,ALIGNMENT,20240530_Remove_ServiceMax_Setup_Link.txt,FALSE,simran.sunil,5,,,,,x,,,,,,
1652,POST,ALIGNMENT,20240530_DeleteFlow_ServiceMax.txt,FALSE,simran.sunil,5,,,,,x,,,,,,
1653,POST,ALIGNMENT,20240530_DeleteCustomLink_Booking_Windows_Home.txt,FALSE,simran.sunil,5,,,,,x,,,,,,
1654,POST,ALIGNMENT,20240530_DeleteReportsAndDoc_ServiceMax.txt,FALSE,simran.sunil,5,,,,,x,,,,,,
1655,POST,ALIGNMENT,20240530_ServiceMax_EmailTemplate_EmailAlert.txt,FALSE,simran.sunil,5,,,,,x,,,,,,
1656,POST,ALIGNMENT,20240530_DeleteCustomField_ServiceMax.txt,FALSE,simran.sunil,15,,,,,x,,,,,,
1657,POST,ALIGNMENT,20240530_DeleteServiceMaxApp.txt,FALSE,simran.sunil,20,,,,,x,,,,,,
1658,PRE,ALIGNMENT,20240530_ServiceMax_VFPage_PreStep.txt,FALSE,simran.sunil,5,,,,,x,,,,,,
1659,POST,ALIGNMENT,20240530_DowngradeRule_MP_Reactivate_OS.txt,FALSE,vinay.b.kumar.verma,5,,x,,,,,,,,,
1660,POST,ALIGNMENT,20240530_UPSERT_ESCALATION_BO_ESCALATION_CASE_MANAGMENT_Drop2_LOV.txt,TRUE,p.tarachand.shende,5,,x,,,,,,,,,
1661,POST,ALIGNMENT,20240530_UPSERT_ESCALATION_BO_Drop1_LOV.txt,TRUE,p.tarachand.shende,5,,x,,,,,,,,,
1662,POST,ALIGNMENT,20240531_DowngradeRule_MP_Reactivate_OS.txt,FALSE,vinay.b.kumar.verma,5,,x,,,,,,,,,
1663,POST,ALIGNMENT,20240603_DowngradeRule_MP_Reactivate_OS.txt,FALSE,vinay.b.kumar.verma,5,,x,,,,,,,,,
1664,POST,ALIGNMENT,20240723_INC3979402.txt,FALSE,shravani.khaparkar,10,,x,,,,,,,,,
1665,POST,ALIGNMENT,20240604_DowngradeRule_MP_Reactivate_OS.txt,FALSE,vinay.b.kumar.verma,5,,x,,,,,,,,,
1666,POST,ALIGNMENT,20240605_List_of_Values_Update_EscBO_identificativo.txt,TRUE,vinay.b.kumar.verma,5,,x,,,,,,,,,
1667,POST,ALIGNMENT,20240605_List_of_Values_Update_EscBO_UniqueId.txt,TRUE,vinay.b.kumar.verma,5,,x,,,,,,,,,
1668,POST,ALIGNMENT,20240605_ClearCache_EscBo_Drop2.txt,FALSE,vinay.b.kumar.verma,5,,x,,,,,,,,,
1669,POST,ALIGNMENT,20240610_DowngradeRule_MP_Reactivate_OS.txt,FALSE,vinay.b.kumar.verma,5,,x,,,,,,,,,
1670,POST,ALIGNMENT,20240606_DeleteTrigger_ServiceMax.txt,FALSE,simran.sunil,5,,,,,,,,,,,
1671,POST,ALIGNMENT,20240625_132420.txt,FALSE,shravani.khaparkar,10,,x,,,,,,,,,
1672,POST,ALIGNMENT,20240613_131478_MP.txt,TRUE,g.bonura,10,,x,,,,,,,,,
1673,PRE,ALIGNMENT,20240611_DeleteTrigger_ServiceMax.txt,FALSE,simran.sunil,5,,,,,,,,,,,x
1674,POST,ALIGNMENT,20240614_ReactivateOS_ConsensiD2.txt,FALSE,saket.vilas.kolte,2,,x,,,,,,,,,
1675,POST,ALIGNMENT,20240613_131478_MP_V2.txt,TRUE,g.bonura,10,,,,,x,,,,,,
1676,POST,ALIGNMENT,20230614_DynamicFormObj_PermissionSet_Assignment.txt,FALSE,vinay.b.kumar.verma,10,,x,,,,,,,,,
1677,POST,ALIGNMENT,20240614_HUB6_AddCommercialTypeToFieldMapper.txt,FALSE,sabrina.spada,5,,x,,,,,,,,,
1678,POST,ALIGNMENT,20240617_132420,TRUE,shravani.khaparkar,10,x,,,,,,,,,,
1679,POST,ALIGNMENT,20240614_131478_MP.txt,TRUE,c.ferrigno,10,x,,,,,,,,,,
1680,POST,ALIGNMENT,20240614_131478_MP_V2.txt,TRUE,c.ferrigno,10,x,,,,,,,,,,
1681,POST,ALIGNMENT,20240614_131478_MP_V3.txt,TRUE,c.ferrigno,10,x,,,,,,,,,,
1682,POST,ALIGNMENT,20240618_UPSERT_ESCALATION_BO__LOV.txt,TRUE,p.tarachand.shende,5,,x,,,,,,,,,
1683,POST,ALIGNMENT,20240618_ReactivateOS_ConsensiD2.txt,FALSE,saket.vilas.kolte,2,,x,,,,,,,,,
1684,POST,ALIGNMENT,20240620_ClearCache_Escalation&BO.txt,FALSE,p.tarachand.shende,2,,x,,,,,,,,,
1685,POST,ALIGNMENT,20240620_MP_Activate_Omniscript_DigSign.txt,FALSE,niso.cassiano,2,,x,,,,,,,,,
1686,POST,ALIGNMENT,20240620_MP_Activate_Omniscript_DigSign2.txt,FALSE,niso.cassiano,2,,x,,,,,,,,,
1687,POST,ALIGNMENT,20240625_01_VARIOUS.txt,TRUE,ACN,90,,x,,,x,,,,,,x
1688,POST,ALIGNMENT,20240625_MP_Activate_Omniscript.txt,FALSE,ACN,10,,x,,,,,,,,,
1689,POST,ALIGNMENT,20240625_MP_Activate_Omniscript_131683.txt,FALSE,g.bonura,5,,x,,,,,,,,,
1690,POST,ALIGNMENT,20240625_Platform_Cache_Escalation_BO.txt,FALSE,simran.sunil,5,,x,,,,,,,,,
1691,POST,ALIGNMENT,20240625_UPDATE_ESCALATION_BO__LOV.txt,TRUE,simran.sunil,5,,x,,,,,,,,,
1692,POST,ALIGNMENT,20240625_UPSERT_ESCALATION_BO__LOV.txt,TRUE,simran.sunil,5,,x,,,,,,,,,
1693,POST,ALIGNMENT,20240626_DowngradeRule_MP_Reactivate_OS.txt,FALSE,vinay.b.kumar.verma,5,,x,,,,,,,,,
1694,POST,ALIGNMENT,20240627_DowngradeRule_MP_Reactivate_OS.txt,FALSE,vinay.b.kumar.verma,5,,x,,,,,,,,,
1695,POST,ALIGNMENT,20242705_AssignPermissons_Tibco_User_2.txt,FALSE,niso.cassiano,5,,x,,,,,,,,,
1696,POST,ALIGNMENT,20240701_AssignPermissons_SkyOSB_User.txt,FALSE,sabrina.spada,5,,x,,,,,,,,,
1697,POST,ALIGNMENT,20240723_INC3778362.txt,FALSE,shravani.khaparkar,10,,x,,,,,,,,,
1698,POST,ALIGNMENT,20240709_MP_132786.txt,FALSE,c.ferrigno,5,,x,,,,,,,,,
1699,POST,ALIGNMENT,20240711_MP_Reactivate_OS.txt,FALSE,niso.cassiano,5,,x,,,,,,,,,
1700,POST,ALIGNMENT,20240712_MP_131883.txt,FALSE,c.ferrigno,5,,x,,,,,,,,,
1701,POST,ALIGNMENT,20240715_MP_131883.txt,FALSE,c.ferrigno,5,,x,,,,,,,,,
1702,POST,ALIGNMENT,20240715_MP_131883_V1.txt,FALSE,c.ferrigno,5,,x,,,,,,,,,
1703,POST,ALIGNMENT,20240719_MP_Reactivate_OS.txt,FALSE,niso.cassiano,5,,x,,,,,,,,,
1704,POST,ALIGNMENT,20241907_AssignPermissons_AOM_Users.txt,FALSE,niso.cassiano,5,,x,,,,,,,,,
1705,POST,ALIGNMENT,20240723_01_VARIOUS.txt,TRUE,ACN,120,,x,,,,,,,,,x
1706,POST,ALIGNMENT,20240723_02_CSV.txt,TRUE,ACN,60,,x,,,,,,,,,x
1707,POST,ALIGNMENT,20240723_INC3979402.txt,TRUE,shravani.khaparkar,10,,x,,,,,,,,,
1708,POST,ALIGNMENT,20242407_MP_ActivateOBJCallbackFlow.txt,FALSE,niso.cassiano,5,,x,,,,,,,,,
1709,POST,ALIGNMENT,20240731_EscalationBO_PermissionSetAssignment.txt,FALSE,vinay.b.kumar.verma,5,,,,,x,,,,,,
1710,POST,UAT,20240807_Reconnection_Online_Catalog_MP.txt,FALSE,simran.sunil,5,,,x,,,,,,,,
1711,POST,UAT,20240902_PermissionSetAccess_pendingAction.txt,FALSE,p.tarachand.shende,10,,,x,,,,,,,,
1712,POST,UAT,20240905_Recommitment_UpdatePromoOverride.txt,FALSE,simran.sunil,5,,,x,,,,,,,,
1713,POST,UAT,20240905_Recommitment_NewPicklistVal.txt,FALSE,simran.sunil,5,,,x,,,,,,,,
1714,POST,UAT,20240905SkyStreamWM_ListOf_Values_Upsert.txt,TRUE,vinay.b.kumar.verma,5,,,x,,,,,,,,
1715,POST,UAT,20240906_Hub6Drop2_New_vlocity_Attribute.txt,FALSE,simran.sunil,5,,,x,,,,,,,,
1716,POST,UAT,20240906_Hub6Drop2_device_pod_MaxQtyMod.txt,FALSE,simran.sunil,5,,,x,,,,,,,,
1717,POST,UAT,20240906_Hub6Drop2_CatalogRelationship.txt,FALSE,simran.sunil,5,,,x,,,,,,,,
1718,POST,UAT,20240906SkyStreamWM_ListOf_Values_Upsert.txt,TRUE,vinay.b.kumar.verma,5,,,x,,,,,,,,
1719,POST,UAT,20240906_HUB6_Drop2_DB_Mdc_LOV.txt,TRUE,simran.sunil,5,,,x,,,,,,,,
1720,POST,UAT,20240906_HUB6_Drop2_DB_Escalation_LOV.txt,TRUE,simran.sunil,5,,,x,,,,,,,,
1721,POST,UAT,20240906__Configurazione_penalty_costi_BB_HUB6_Drop2.txt,TRUE,simran.sunil,5,,,x,,,,,,,,
1722,POST,UAT,20240906_HUB6_DROP2_Activation_OS_MP.txt,FALSE,simran.sunil,5,,,x,,,,,,,,
1723,POST,UAT,20240906_OrderItem_Field__HUB6DROP2_FLS.txt,FALSE,simran.sunil,5,,,x,,,,,,,,
1724,POST,UAT,20240906_HUB6Drop2_InsertLOV.txt,TRUE,simran.sunil,10,,,x,,,,,,,,
1725,POST,UAT,20240909_CreateOverride_RecommitmentPromo.txt,FALSE,simran.sunil,5,,,x,,,,,,,,
1726,POST,UAT,20240909_Hub6Drop2_TelcoProduct_Override.txt,FALSE,simran.sunil,5,,,x,,,,,,,,
1727,POST,UAT,20240910_Recommitment_Override_1201878.txt,FALSE,simran.sunil,5,,,x,,,,,,,,
1728,POST,UAT,20241109_OFVendInstallatore_FLS.txt,FALSE,saket.vilas.kolte,2,,,x,,,,,,,,
1729,POST,UAT,20240918_OFVendInstallatore_ReactivateOS.txt,FALSE,saket.vilas.kolte,2,,,x,,,,,,,,
1730,POST,UAT,20240918_SWAPcommerciale_INSERT_LOV.txt,TRUE,p.tarachand.shende,5,,,x,,,,,,,,
1731,POST,UAT,20240919_HUB6_Drop2_CatalogRelationship.txt,FALSE,simran.sunil,5,,,x,,,,,,,,
1732,POST,UAT,20240920_LLAMA_HOME_MP_Reactivate_OS.txt,FALSE,vinay.b.kumar.verma,5,,,x,,,,,,,,
1733,POST,UAT,20240926_HUB6_DROP2_Activation_OS_MP.txt,FALSE,p.tarachand.shende,5,,,x,,,,,,,,
1734,PRE,UAT,20241004_Promotion_Recommitment_RT.txt,FALSE,simran.sunil,5,,,x,,,,,,,,
1735,POST,UAT,20241004_List_of_values_Upsert_SWOServiziReward.txt,TRUE,vinay.b.kumar.verma,5,,,x,,,,,,,,
1736,POST,UAT,20241016_OFVendInstallatore_ReactivateOS.txt,FALSE,simran.sunil,5,,,x,,,,,,,,
1737,POST,UAT,DataLoader_20241016_Upsert_LOV_SKY422.txt,TRUE,niso.cassiano,5,,,x,,,,,,,,
1738,POST,UAT,20241023_OFVenditore_Activate_OS.txt,FALSE,simran.sunil,5,,,x,,,,,,,,
1739,POST,UAT,20241105_DismissionSeibel_Update.txt,TRUE,saket.vilas.kolte,5,,,x,,,,,,,,
1741,POST,ALIGNMENT,20241025_List_of_values_Upsert_SWOServiziReward.txt,TRUE,vinay.b.kumar.verma,5,,,,,x,,,,,,
1742,PRE,ALIGNMENT,Octane_135009_Pre_Data_Start_FreezeSosp__c.txt,FALSE,francesco.manzillo,5,,,,,x,,,,,,x
1743,POST,ALIGNMENT,Octane_135009_Post_Data_Start_FreezeSosp__c.txt,FALSE,francesco.manzillo,5,,,,,x,,,,,,
1744,POST,ALIGNMENT,20241025_MP_136094.txt,FALSE,c.ferrigno,5,,,,,x,,,,,,
1745,POST,ALIGNMENT,20241025_MP_135085.txt,FALSE,c.ferrigno,5,,,,,x,,,,,,
1746,POST,ALIGNMENT,20241028_MP_136085.txt,TRUE,c.ferrigno,5,,,,,x,,,,,,
1747,POST,ALIGNMENT,20241025_MP_136301.txt,FALSE,c.ferrigno,5,,,,,x,,,,,,
1748,POST,ALIGNMENT,20241028_MP_136295.txt,FALSE,c.ferrigno,5,,,,,x,,,,,,
1749,POST,ALIGNMENT,DataLoader_20241030_Update_Lov.txt,TRUE,niso.cassiano,5,,,,,x,,,,,,
1750,POST,ALIGNMENT,20241107_01_VARIOUS.txt,TRUE,ACN,20,,,,,x,,,,,,x
1751,POST,ALIGNMENT,20241107_02_CSV.txt,TRUE,ACN,20,,,,,x,,,,,,x
1752,PRE,UAT,20241127_Dataloader_LOV_Insert.txt,TRUE,saket.vilas.kolte,2,,,x,,,,,,,,
