Resource,Vendor,Date
devops/tests-catalog.json,,
force-app/main/default/aura/DettaglioContratto/DettaglioContratto.cmp,,
force-app/main/default/classes/BlueBird_PODWorkaround_Ctrl.cls,,
force-app/main/default/classes/Bluebird_VenditaBooster_OS_Ctrl.cls,,
force-app/main/default/classes/CalcolaPenali.cls,,
force-app/main/default/classes/CalcolaPenali_Test.cls,,
force-app/main/default/classes/CaseMGMTWizardBBCtrlUtils.cls,,
force-app/main/default/classes/MKTOrderMopTriggerHandler.cls,,
force-app/main/default/classes/NSPE_Utility.cls,,
force-app/main/default/classes/NewCRM_ArchivioChatTranscriptCtrl.cls,,
force-app/main/default/classes/NewCRM_ArchivioChatTranscriptCtrl_Test.cls,,
force-app/main/default/classes/NewCRM_ArchivioMSOCtrl.cls,,
force-app/main/default/classes/NewCRM_ArchivioMSOCtrl_Test.cls,,
force-app/main/default/classes/NewCRM_ArchivioQuestionariCtrl.cls,,
force-app/main/default/classes/NewCRM_ArchivioQuestionariCtrl_Test.cls,,
force-app/main/default/classes/NewCRM_ClaimPortalController.cls,,
force-app/main/default/classes/NewCRM_ClaimPortalControllerTest.cls,,
force-app/main/default/classes/NewCrm_ArchivioEsigenzeCtrl_Test.cls-meta.xml,,
force-app/main/default/classes/OBJLineExecutorBB_Test.cls,,
force-app/main/default/customMetadata/NewCRM_ArchivioSetup.getAuthSOAS_SOASDIAGNOSTICSRESULT.md-meta.xml,,
force-app/main/default/lwc/newCRM_ArchivioListView/newCRM_ArchivioListView.html,,
force-app/main/default/pages/NewCRM_ArchivioSOAS.page,,
force-app/main/default/staticresources/NewCRM_MenuData.js,,
